DATAFLOW,LAST UPDATE,freq,unit,na_item,geo,TIME_PERIOD,OBS_VALUE,OBS_FLAG
ESTAT:SDG_08_10(1.0),29/11/21 23:00:00,A,CLV10_EUR_HAB,B1GQ,AT,2004,33200,
ESTAT:SDG_08_10(1.0),29/11/21 23:00:00,A,CLV10_EUR_HAB,B1GQ,AT,2005,33710,
ESTAT:SDG_08_10(1.0),29/11/21 23:00:00,A,CLV10_EUR_HAB,B1GQ,AT,2006,34700,
ESTAT:SDG_08_10(1.0),29/11/21 23:00:00,A,CLV10_EUR_HAB,B1GQ,AT,2007,35870,
ESTAT:SDG_08_10(1.0),29/11/21 23:00:00,A,CLV10_EUR_HAB,B1GQ,AT,2008,36280,
ESTAT:SDG_08_10(1.0),29/11/21 23:00:00,A,CLV10_EUR_HAB,B1GQ,AT,2009,34830,
ESTAT:SDG_08_10(1.0),29/11/21 23:00:00,A,CLV10_EUR_HAB,B1GQ,AT,2010,35390,
ESTAT:SDG_08_10(1.0),29/11/21 23:00:00,A,CLV10_EUR_HAB,B1GQ,AT,2011,36300,
ESTAT:SDG_08_10(1.0),29/11/21 23:00:00,A,CLV10_EUR_HAB,B1GQ,AT,2012,36390,
ESTAT:SDG_08_10(1.0),29/11/21 23:00:00,A,CLV10_EUR_HAB,B1GQ,AT,2013,36180,
ESTAT:SDG_08_10(1.0),29/11/21 23:00:00,A,CLV10_EUR_HAB,B1GQ,AT,2014,36130,
ESTAT:SDG_08_10(1.0),29/11/21 23:00:00,A,CLV10_EUR_HAB,B1GQ,AT,2015,36140,
ESTAT:SDG_08_10(1.0),29/11/21 23:00:00,A,CLV10_EUR_HAB,B1GQ,AT,2016,36390,
ESTAT:SDG_08_10(1.0),29/11/21 23:00:00,A,CLV10_EUR_HAB,B1GQ,AT,2017,36980,
ESTAT:SDG_08_10(1.0),29/11/21 23:00:00,A,CLV10_EUR_HAB,B1GQ,AT,2018,37720,
ESTAT:SDG_08_10(1.0),29/11/21 23:00:00,A,CLV10_EUR_HAB,B1GQ,AT,2019,38110,
ESTAT:SDG_08_10(1.0),29/11/21 23:00:00,A,CLV10_EUR_HAB,B1GQ,BE,2004,31640,
ESTAT:SDG_08_10(1.0),29/11/21 23:00:00,A,CLV10_EUR_HAB,B1GQ,BE,2005,32200,
ESTAT:SDG_08_10(1.0),29/11/21 23:00:00,A,CLV10_EUR_HAB,B1GQ,BE,2006,32800,
ESTAT:SDG_08_10(1.0),29/11/21 23:00:00,A,CLV10_EUR_HAB,B1GQ,BE,2007,33760,
ESTAT:SDG_08_10(1.0),29/11/21 23:00:00,A,CLV10_EUR_HAB,B1GQ,BE,2008,33640,
ESTAT:SDG_08_10(1.0),29/11/21 23:00:00,A,CLV10_EUR_HAB,B1GQ,BE,2009,32700,
ESTAT:SDG_08_10(1.0),29/11/21 23:00:00,A,CLV10_EUR_HAB,B1GQ,BE,2010,33330,
ESTAT:SDG_08_10(1.0),29/11/21 23:00:00,A,CLV10_EUR_HAB,B1GQ,BE,2011,33460,
ESTAT:SDG_08_10(1.0),29/11/21 23:00:00,A,CLV10_EUR_HAB,B1GQ,BE,2012,33490,
ESTAT:SDG_08_10(1.0),29/11/21 23:00:00,A,CLV10_EUR_HAB,B1GQ,BE,2013,33490,
ESTAT:SDG_08_10(1.0),29/11/21 23:00:00,A,CLV10_EUR_HAB,B1GQ,BE,2014,33870,
ESTAT:SDG_08_10(1.0),29/11/21 23:00:00,A,CLV10_EUR_HAB,B1GQ,BE,2015,34360,
ESTAT:SDG_08_10(1.0),29/11/21 23:00:00,A,CLV10_EUR_HAB,B1GQ,BE,2016,34620,
ESTAT:SDG_08_10(1.0),29/11/21 23:00:00,A,CLV10_EUR_HAB,B1GQ,BE,2017,35050,
ESTAT:SDG_08_10(1.0),29/11/21 23:00:00,A,CLV10_EUR_HAB,B1GQ,BE,2018,35520,
ESTAT:SDG_08_10(1.0),29/11/21 23:00:00,A,CLV10_EUR_HAB,B1GQ,BE,2019,36090,
ESTAT:SDG_08_10(1.0),29/11/21 23:00:00,A,CLV10_EUR_HAB,B1GQ,BG,2004,3870,
ESTAT:SDG_08_10(1.0),29/11/21 23:00:00,A,CLV10_EUR_HAB,B1GQ,BG,2005,4170,
ESTAT:SDG_08_10(1.0),29/11/21 23:00:00,A,CLV10_EUR_HAB,B1GQ,BG,2006,4480,
ESTAT:SDG_08_10(1.0),29/11/21 23:00:00,A,CLV10_EUR_HAB,B1GQ,BG,2007,4800,
ESTAT:SDG_08_10(1.0),29/11/21 23:00:00,A,CLV10_EUR_HAB,B1GQ,BG,2008,5110,
ESTAT:SDG_08_10(1.0),29/11/21 23:00:00,A,CLV10_EUR_HAB,B1GQ,BG,2009,4970,
ESTAT:SDG_08_10(1.0),29/11/21 23:00:00,A,CLV10_EUR_HAB,B1GQ,BG,2010,5080,
ESTAT:SDG_08_10(1.0),29/11/21 23:00:00,A,CLV10_EUR_HAB,B1GQ,BG,2011,5320,
ESTAT:SDG_08_10(1.0),29/11/21 23:00:00,A,CLV10_EUR_HAB,B1GQ,BG,2012,5390,
ESTAT:SDG_08_10(1.0),29/11/21 23:00:00,A,CLV10_EUR_HAB,B1GQ,BG,2013,5390,
ESTAT:SDG_08_10(1.0),29/11/21 23:00:00,A,CLV10_EUR_HAB,B1GQ,BG,2014,5470,
ESTAT:SDG_08_10(1.0),29/11/21 23:00:00,A,CLV10_EUR_HAB,B1GQ,BG,2015,5700,
ESTAT:SDG_08_10(1.0),29/11/21 23:00:00,A,CLV10_EUR_HAB,B1GQ,BG,2016,5910,
ESTAT:SDG_08_10(1.0),29/11/21 23:00:00,A,CLV10_EUR_HAB,B1GQ,BG,2017,6120,
ESTAT:SDG_08_10(1.0),29/11/21 23:00:00,A,CLV10_EUR_HAB,B1GQ,BG,2018,6330,
ESTAT:SDG_08_10(1.0),29/11/21 23:00:00,A,CLV10_EUR_HAB,B1GQ,BG,2019,6630,
ESTAT:SDG_08_10(1.0),29/11/21 23:00:00,A,CLV10_EUR_HAB,B1GQ,CH,2004,52970,
ESTAT:SDG_08_10(1.0),29/11/21 23:00:00,A,CLV10_EUR_HAB,B1GQ,CH,2005,54180,
ESTAT:SDG_08_10(1.0),29/11/21 23:00:00,A,CLV10_EUR_HAB,B1GQ,CH,2006,56000,
ESTAT:SDG_08_10(1.0),29/11/21 23:00:00,A,CLV10_EUR_HAB,B1GQ,CH,2007,57720,
ESTAT:SDG_08_10(1.0),29/11/21 23:00:00,A,CLV10_EUR_HAB,B1GQ,CH,2008,58620,
ESTAT:SDG_08_10(1.0),29/11/21 23:00:00,A,CLV10_EUR_HAB,B1GQ,CH,2009,56750,
ESTAT:SDG_08_10(1.0),29/11/21 23:00:00,A,CLV10_EUR_HAB,B1GQ,CH,2010,58170,
ESTAT:SDG_08_10(1.0),29/11/21 23:00:00,A,CLV10_EUR_HAB,B1GQ,CH,2011,58730,
ESTAT:SDG_08_10(1.0),29/11/21 23:00:00,A,CLV10_EUR_HAB,B1GQ,CH,2012,58820,
ESTAT:SDG_08_10(1.0),29/11/21 23:00:00,A,CLV10_EUR_HAB,B1GQ,CH,2013,59200,
ESTAT:SDG_08_10(1.0),29/11/21 23:00:00,A,CLV10_EUR_HAB,B1GQ,CH,2014,59920,
ESTAT:SDG_08_10(1.0),29/11/21 23:00:00,A,CLV10_EUR_HAB,B1GQ,CH,2015,60220,
ESTAT:SDG_08_10(1.0),29/11/21 23:00:00,A,CLV10_EUR_HAB,B1GQ,CH,2016,60780,
ESTAT:SDG_08_10(1.0),29/11/21 23:00:00,A,CLV10_EUR_HAB,B1GQ,CH,2017,61170,
ESTAT:SDG_08_10(1.0),29/11/21 23:00:00,A,CLV10_EUR_HAB,B1GQ,CH,2018,62500,
ESTAT:SDG_08_10(1.0),29/11/21 23:00:00,A,CLV10_EUR_HAB,B1GQ,CH,2019,62800,p
ESTAT:SDG_08_10(1.0),29/11/21 23:00:00,A,CLV10_EUR_HAB,B1GQ,CY,2004,22300,
ESTAT:SDG_08_10(1.0),29/11/21 23:00:00,A,CLV10_EUR_HAB,B1GQ,CY,2005,23050,
ESTAT:SDG_08_10(1.0),29/11/21 23:00:00,A,CLV10_EUR_HAB,B1GQ,CY,2006,23740,
ESTAT:SDG_08_10(1.0),29/11/21 23:00:00,A,CLV10_EUR_HAB,B1GQ,CY,2007,24420,
ESTAT:SDG_08_10(1.0),29/11/21 23:00:00,A,CLV10_EUR_HAB,B1GQ,CY,2008,24680,
ESTAT:SDG_08_10(1.0),29/11/21 23:00:00,A,CLV10_EUR_HAB,B1GQ,CY,2009,23550,
ESTAT:SDG_08_10(1.0),29/11/21 23:00:00,A,CLV10_EUR_HAB,B1GQ,CY,2010,23400,
ESTAT:SDG_08_10(1.0),29/11/21 23:00:00,A,CLV10_EUR_HAB,B1GQ,CY,2011,22900,
ESTAT:SDG_08_10(1.0),29/11/21 23:00:00,A,CLV10_EUR_HAB,B1GQ,CY,2012,21780,
ESTAT:SDG_08_10(1.0),29/11/21 23:00:00,A,CLV10_EUR_HAB,B1GQ,CY,2013,20400,
ESTAT:SDG_08_10(1.0),29/11/21 23:00:00,A,CLV10_EUR_HAB,B1GQ,CY,2014,20250,
ESTAT:SDG_08_10(1.0),29/11/21 23:00:00,A,CLV10_EUR_HAB,B1GQ,CY,2015,21050,
ESTAT:SDG_08_10(1.0),29/11/21 23:00:00,A,CLV10_EUR_HAB,B1GQ,CY,2016,22310,
ESTAT:SDG_08_10(1.0),29/11/21 23:00:00,A,CLV10_EUR_HAB,B1GQ,CY,2017,23400,
ESTAT:SDG_08_10(1.0),29/11/21 23:00:00,A,CLV10_EUR_HAB,B1GQ,CY,2018,24430,
ESTAT:SDG_08_10(1.0),29/11/21 23:00:00,A,CLV10_EUR_HAB,B1GQ,CY,2019,25370,
ESTAT:SDG_08_10(1.0),29/11/21 23:00:00,A,CLV10_EUR_HAB,B1GQ,CZ,2004,12840,
ESTAT:SDG_08_10(1.0),29/11/21 23:00:00,A,CLV10_EUR_HAB,B1GQ,CZ,2005,13650,
ESTAT:SDG_08_10(1.0),29/11/21 23:00:00,A,CLV10_EUR_HAB,B1GQ,CZ,2006,14530,
ESTAT:SDG_08_10(1.0),29/11/21 23:00:00,A,CLV10_EUR_HAB,B1GQ,CZ,2007,15250,
ESTAT:SDG_08_10(1.0),29/11/21 23:00:00,A,CLV10_EUR_HAB,B1GQ,CZ,2008,15500,
ESTAT:SDG_08_10(1.0),29/11/21 23:00:00,A,CLV10_EUR_HAB,B1GQ,CZ,2009,14690,
ESTAT:SDG_08_10(1.0),29/11/21 23:00:00,A,CLV10_EUR_HAB,B1GQ,CZ,2010,15020,
ESTAT:SDG_08_10(1.0),29/11/21 23:00:00,A,CLV10_EUR_HAB,B1GQ,CZ,2011,15310,
ESTAT:SDG_08_10(1.0),29/11/21 23:00:00,A,CLV10_EUR_HAB,B1GQ,CZ,2012,15170,
ESTAT:SDG_08_10(1.0),29/11/21 23:00:00,A,CLV10_EUR_HAB,B1GQ,CZ,2013,15160,
ESTAT:SDG_08_10(1.0),29/11/21 23:00:00,A,CLV10_EUR_HAB,B1GQ,CZ,2014,15480,
ESTAT:SDG_08_10(1.0),29/11/21 23:00:00,A,CLV10_EUR_HAB,B1GQ,CZ,2015,16290,
ESTAT:SDG_08_10(1.0),29/11/21 23:00:00,A,CLV10_EUR_HAB,B1GQ,CZ,2016,16670,
ESTAT:SDG_08_10(1.0),29/11/21 23:00:00,A,CLV10_EUR_HAB,B1GQ,CZ,2017,17490,
ESTAT:SDG_08_10(1.0),29/11/21 23:00:00,A,CLV10_EUR_HAB,B1GQ,CZ,2018,17990,
ESTAT:SDG_08_10(1.0),29/11/21 23:00:00,A,CLV10_EUR_HAB,B1GQ,CZ,2019,18460,
ESTAT:SDG_08_10(1.0),29/11/21 23:00:00,A,CLV10_EUR_HAB,B1GQ,DE,2004,29470,
ESTAT:SDG_08_10(1.0),29/11/21 23:00:00,A,CLV10_EUR_HAB,B1GQ,DE,2005,29730,
ESTAT:SDG_08_10(1.0),29/11/21 23:00:00,A,CLV10_EUR_HAB,B1GQ,DE,2006,30930,
ESTAT:SDG_08_10(1.0),29/11/21 23:00:00,A,CLV10_EUR_HAB,B1GQ,DE,2007,31920,
ESTAT:SDG_08_10(1.0),29/11/21 23:00:00,A,CLV10_EUR_HAB,B1GQ,DE,2008,32320,
ESTAT:SDG_08_10(1.0),29/11/21 23:00:00,A,CLV10_EUR_HAB,B1GQ,DE,2009,30580,
ESTAT:SDG_08_10(1.0),29/11/21 23:00:00,A,CLV10_EUR_HAB,B1GQ,DE,2010,31940,
ESTAT:SDG_08_10(1.0),29/11/21 23:00:00,A,CLV10_EUR_HAB,B1GQ,DE,2011,33200,
ESTAT:SDG_08_10(1.0),29/11/21 23:00:00,A,CLV10_EUR_HAB,B1GQ,DE,2012,33280,
ESTAT:SDG_08_10(1.0),29/11/21 23:00:00,A,CLV10_EUR_HAB,B1GQ,DE,2013,33330,
ESTAT:SDG_08_10(1.0),29/11/21 23:00:00,A,CLV10_EUR_HAB,B1GQ,DE,2014,33920,
ESTAT:SDG_08_10(1.0),29/11/21 23:00:00,A,CLV10_EUR_HAB,B1GQ,DE,2015,34130,
ESTAT:SDG_08_10(1.0),29/11/21 23:00:00,A,CLV10_EUR_HAB,B1GQ,DE,2016,34610,
ESTAT:SDG_08_10(1.0),29/11/21 23:00:00,A,CLV10_EUR_HAB,B1GQ,DE,2017,35410,
ESTAT:SDG_08_10(1.0),29/11/21 23:00:00,A,CLV10_EUR_HAB,B1GQ,DE,2018,35690,p
ESTAT:SDG_08_10(1.0),29/11/21 23:00:00,A,CLV10_EUR_HAB,B1GQ,DE,2019,35980,p
ESTAT:SDG_08_10(1.0),29/11/21 23:00:00,A,CLV10_EUR_HAB,B1GQ,DK,2004,43520,
ESTAT:SDG_08_10(1.0),29/11/21 23:00:00,A,CLV10_EUR_HAB,B1GQ,DK,2005,44400,
ESTAT:SDG_08_10(1.0),29/11/21 23:00:00,A,CLV10_EUR_HAB,B1GQ,DK,2006,45990,
ESTAT:SDG_08_10(1.0),29/11/21 23:00:00,A,CLV10_EUR_HAB,B1GQ,DK,2007,46210,
ESTAT:SDG_08_10(1.0),29/11/21 23:00:00,A,CLV10_EUR_HAB,B1GQ,DK,2008,45700,
ESTAT:SDG_08_10(1.0),29/11/21 23:00:00,A,CLV10_EUR_HAB,B1GQ,DK,2009,43220,
ESTAT:SDG_08_10(1.0),29/11/21 23:00:00,A,CLV10_EUR_HAB,B1GQ,DK,2010,43840,
ESTAT:SDG_08_10(1.0),29/11/21 23:00:00,A,CLV10_EUR_HAB,B1GQ,DK,2011,44240,
ESTAT:SDG_08_10(1.0),29/11/21 23:00:00,A,CLV10_EUR_HAB,B1GQ,DK,2012,44170,
ESTAT:SDG_08_10(1.0),29/11/21 23:00:00,A,CLV10_EUR_HAB,B1GQ,DK,2013,44410,
ESTAT:SDG_08_10(1.0),29/11/21 23:00:00,A,CLV10_EUR_HAB,B1GQ,DK,2014,44890,
ESTAT:SDG_08_10(1.0),29/11/21 23:00:00,A,CLV10_EUR_HAB,B1GQ,DK,2015,45630,
ESTAT:SDG_08_10(1.0),29/11/21 23:00:00,A,CLV10_EUR_HAB,B1GQ,DK,2016,46720,
ESTAT:SDG_08_10(1.0),29/11/21 23:00:00,A,CLV10_EUR_HAB,B1GQ,DK,2017,47740,
ESTAT:SDG_08_10(1.0),29/11/21 23:00:00,A,CLV10_EUR_HAB,B1GQ,DK,2018,48450,
ESTAT:SDG_08_10(1.0),29/11/21 23:00:00,A,CLV10_EUR_HAB,B1GQ,DK,2019,49270,
ESTAT:SDG_08_10(1.0),29/11/21 23:00:00,A,CLV10_EUR_HAB,B1GQ,EE,2004,10050,
ESTAT:SDG_08_10(1.0),29/11/21 23:00:00,A,CLV10_EUR_HAB,B1GQ,EE,2005,11070,
ESTAT:SDG_08_10(1.0),29/11/21 23:00:00,A,CLV10_EUR_HAB,B1GQ,EE,2006,12230,
ESTAT:SDG_08_10(1.0),29/11/21 23:00:00,A,CLV10_EUR_HAB,B1GQ,EE,2007,13230,
ESTAT:SDG_08_10(1.0),29/11/21 23:00:00,A,CLV10_EUR_HAB,B1GQ,EE,2008,12590,
ESTAT:SDG_08_10(1.0),29/11/21 23:00:00,A,CLV10_EUR_HAB,B1GQ,EE,2009,10770,
ESTAT:SDG_08_10(1.0),29/11/21 23:00:00,A,CLV10_EUR_HAB,B1GQ,EE,2010,11060,
ESTAT:SDG_08_10(1.0),29/11/21 23:00:00,A,CLV10_EUR_HAB,B1GQ,EE,2011,11890,
ESTAT:SDG_08_10(1.0),29/11/21 23:00:00,A,CLV10_EUR_HAB,B1GQ,EE,2012,12320,
ESTAT:SDG_08_10(1.0),29/11/21 23:00:00,A,CLV10_EUR_HAB,B1GQ,EE,2013,12540,
ESTAT:SDG_08_10(1.0),29/11/21 23:00:00,A,CLV10_EUR_HAB,B1GQ,EE,2014,12960,
ESTAT:SDG_08_10(1.0),29/11/21 23:00:00,A,CLV10_EUR_HAB,B1GQ,EE,2015,13230,
ESTAT:SDG_08_10(1.0),29/11/21 23:00:00,A,CLV10_EUR_HAB,B1GQ,EE,2016,13620,
ESTAT:SDG_08_10(1.0),29/11/21 23:00:00,A,CLV10_EUR_HAB,B1GQ,EE,2017,14410,
ESTAT:SDG_08_10(1.0),29/11/21 23:00:00,A,CLV10_EUR_HAB,B1GQ,EE,2018,14970,
ESTAT:SDG_08_10(1.0),29/11/21 23:00:00,A,CLV10_EUR_HAB,B1GQ,EE,2019,15510,
ESTAT:SDG_08_10(1.0),29/11/21 23:00:00,A,CLV10_EUR_HAB,B1GQ,EL,2004,20670,
ESTAT:SDG_08_10(1.0),29/11/21 23:00:00,A,CLV10_EUR_HAB,B1GQ,EL,2005,20740,
ESTAT:SDG_08_10(1.0),29/11/21 23:00:00,A,CLV10_EUR_HAB,B1GQ,EL,2006,21840,
ESTAT:SDG_08_10(1.0),29/11/21 23:00:00,A,CLV10_EUR_HAB,B1GQ,EL,2007,22500,
ESTAT:SDG_08_10(1.0),29/11/21 23:00:00,A,CLV10_EUR_HAB,B1GQ,EL,2008,22370,
ESTAT:SDG_08_10(1.0),29/11/21 23:00:00,A,CLV10_EUR_HAB,B1GQ,EL,2009,21350,
ESTAT:SDG_08_10(1.0),29/11/21 23:00:00,A,CLV10_EUR_HAB,B1GQ,EL,2010,20150,b
ESTAT:SDG_08_10(1.0),29/11/21 23:00:00,A,CLV10_EUR_HAB,B1GQ,EL,2011,18130,
ESTAT:SDG_08_10(1.0),29/11/21 23:00:00,A,CLV10_EUR_HAB,B1GQ,EL,2012,16940,
ESTAT:SDG_08_10(1.0),29/11/21 23:00:00,A,CLV10_EUR_HAB,B1GQ,EL,2013,16630,
ESTAT:SDG_08_10(1.0),29/11/21 23:00:00,A,CLV10_EUR_HAB,B1GQ,EL,2014,16830,
ESTAT:SDG_08_10(1.0),29/11/21 23:00:00,A,CLV10_EUR_HAB,B1GQ,EL,2015,16900,
ESTAT:SDG_08_10(1.0),29/11/21 23:00:00,A,CLV10_EUR_HAB,B1GQ,EL,2016,16890,
ESTAT:SDG_08_10(1.0),29/11/21 23:00:00,A,CLV10_EUR_HAB,B1GQ,EL,2017,17110,
ESTAT:SDG_08_10(1.0),29/11/21 23:00:00,A,CLV10_EUR_HAB,B1GQ,EL,2018,17430,
ESTAT:SDG_08_10(1.0),29/11/21 23:00:00,A,CLV10_EUR_HAB,B1GQ,EL,2019,17760,p
ESTAT:SDG_08_10(1.0),29/11/21 23:00:00,A,CLV10_EUR_HAB,B1GQ,ES,2004,23020,
ESTAT:SDG_08_10(1.0),29/11/21 23:00:00,A,CLV10_EUR_HAB,B1GQ,ES,2005,23420,
ESTAT:SDG_08_10(1.0),29/11/21 23:00:00,A,CLV10_EUR_HAB,B1GQ,ES,2006,24000,
ESTAT:SDG_08_10(1.0),29/11/21 23:00:00,A,CLV10_EUR_HAB,B1GQ,ES,2007,24380,
ESTAT:SDG_08_10(1.0),29/11/21 23:00:00,A,CLV10_EUR_HAB,B1GQ,ES,2008,24200,
ESTAT:SDG_08_10(1.0),29/11/21 23:00:00,A,CLV10_EUR_HAB,B1GQ,ES,2009,23100,
ESTAT:SDG_08_10(1.0),29/11/21 23:00:00,A,CLV10_EUR_HAB,B1GQ,ES,2010,23040,
ESTAT:SDG_08_10(1.0),29/11/21 23:00:00,A,CLV10_EUR_HAB,B1GQ,ES,2011,22770,
ESTAT:SDG_08_10(1.0),29/11/21 23:00:00,A,CLV10_EUR_HAB,B1GQ,ES,2012,22080,
ESTAT:SDG_08_10(1.0),29/11/21 23:00:00,A,CLV10_EUR_HAB,B1GQ,ES,2013,21840,
ESTAT:SDG_08_10(1.0),29/11/21 23:00:00,A,CLV10_EUR_HAB,B1GQ,ES,2014,22210,
ESTAT:SDG_08_10(1.0),29/11/21 23:00:00,A,CLV10_EUR_HAB,B1GQ,ES,2015,23080,
ESTAT:SDG_08_10(1.0),29/11/21 23:00:00,A,CLV10_EUR_HAB,B1GQ,ES,2016,23760,
ESTAT:SDG_08_10(1.0),29/11/21 23:00:00,A,CLV10_EUR_HAB,B1GQ,ES,2017,24430,
ESTAT:SDG_08_10(1.0),29/11/21 23:00:00,A,CLV10_EUR_HAB,B1GQ,ES,2018,24880,
ESTAT:SDG_08_10(1.0),29/11/21 23:00:00,A,CLV10_EUR_HAB,B1GQ,ES,2019,25200,p
ESTAT:SDG_08_10(1.0),29/11/21 23:00:00,A,CLV10_EUR_HAB,B1GQ,FI,2004,33440,
ESTAT:SDG_08_10(1.0),29/11/21 23:00:00,A,CLV10_EUR_HAB,B1GQ,FI,2005,34250,
ESTAT:SDG_08_10(1.0),29/11/21 23:00:00,A,CLV10_EUR_HAB,B1GQ,FI,2006,35490,
ESTAT:SDG_08_10(1.0),29/11/21 23:00:00,A,CLV10_EUR_HAB,B1GQ,FI,2007,37210,
ESTAT:SDG_08_10(1.0),29/11/21 23:00:00,A,CLV10_EUR_HAB,B1GQ,FI,2008,37330,
ESTAT:SDG_08_10(1.0),29/11/21 23:00:00,A,CLV10_EUR_HAB,B1GQ,FI,2009,34150,
ESTAT:SDG_08_10(1.0),29/11/21 23:00:00,A,CLV10_EUR_HAB,B1GQ,FI,2010,35080,
ESTAT:SDG_08_10(1.0),29/11/21 23:00:00,A,CLV10_EUR_HAB,B1GQ,FI,2011,35810,
ESTAT:SDG_08_10(1.0),29/11/21 23:00:00,A,CLV10_EUR_HAB,B1GQ,FI,2012,35140,
ESTAT:SDG_08_10(1.0),29/11/21 23:00:00,A,CLV10_EUR_HAB,B1GQ,FI,2013,34660,
ESTAT:SDG_08_10(1.0),29/11/21 23:00:00,A,CLV10_EUR_HAB,B1GQ,FI,2014,34390,
ESTAT:SDG_08_10(1.0),29/11/21 23:00:00,A,CLV10_EUR_HAB,B1GQ,FI,2015,34460,
ESTAT:SDG_08_10(1.0),29/11/21 23:00:00,A,CLV10_EUR_HAB,B1GQ,FI,2016,35330,
ESTAT:SDG_08_10(1.0),29/11/21 23:00:00,A,CLV10_EUR_HAB,B1GQ,FI,2017,36380,
ESTAT:SDG_08_10(1.0),29/11/21 23:00:00,A,CLV10_EUR_HAB,B1GQ,FI,2018,36740,
ESTAT:SDG_08_10(1.0),29/11/21 23:00:00,A,CLV10_EUR_HAB,B1GQ,FI,2019,37200,
ESTAT:SDG_08_10(1.0),29/11/21 23:00:00,A,CLV10_EUR_HAB,B1GQ,FR,2004,30050,
ESTAT:SDG_08_10(1.0),29/11/21 23:00:00,A,CLV10_EUR_HAB,B1GQ,FR,2005,30320,
ESTAT:SDG_08_10(1.0),29/11/21 23:00:00,A,CLV10_EUR_HAB,B1GQ,FR,2006,30850,
ESTAT:SDG_08_10(1.0),29/11/21 23:00:00,A,CLV10_EUR_HAB,B1GQ,FR,2007,31400,
ESTAT:SDG_08_10(1.0),29/11/21 23:00:00,A,CLV10_EUR_HAB,B1GQ,FR,2008,31310,
ESTAT:SDG_08_10(1.0),29/11/21 23:00:00,A,CLV10_EUR_HAB,B1GQ,FR,2009,30250,
ESTAT:SDG_08_10(1.0),29/11/21 23:00:00,A,CLV10_EUR_HAB,B1GQ,FR,2010,30690,
ESTAT:SDG_08_10(1.0),29/11/21 23:00:00,A,CLV10_EUR_HAB,B1GQ,FR,2011,31210,
ESTAT:SDG_08_10(1.0),29/11/21 23:00:00,A,CLV10_EUR_HAB,B1GQ,FR,2012,31160,
ESTAT:SDG_08_10(1.0),29/11/21 23:00:00,A,CLV10_EUR_HAB,B1GQ,FR,2013,31170,
ESTAT:SDG_08_10(1.0),29/11/21 23:00:00,A,CLV10_EUR_HAB,B1GQ,FR,2014,31320,
ESTAT:SDG_08_10(1.0),29/11/21 23:00:00,A,CLV10_EUR_HAB,B1GQ,FR,2015,31540,
ESTAT:SDG_08_10(1.0),29/11/21 23:00:00,A,CLV10_EUR_HAB,B1GQ,FR,2016,31770,
ESTAT:SDG_08_10(1.0),29/11/21 23:00:00,A,CLV10_EUR_HAB,B1GQ,FR,2017,32360,
ESTAT:SDG_08_10(1.0),29/11/21 23:00:00,A,CLV10_EUR_HAB,B1GQ,FR,2018,32820,
ESTAT:SDG_08_10(1.0),29/11/21 23:00:00,A,CLV10_EUR_HAB,B1GQ,FR,2019,33320,p
ESTAT:SDG_08_10(1.0),29/11/21 23:00:00,A,CLV10_EUR_HAB,B1GQ,HR,2004,9870,
ESTAT:SDG_08_10(1.0),29/11/21 23:00:00,A,CLV10_EUR_HAB,B1GQ,HR,2005,10290,
ESTAT:SDG_08_10(1.0),29/11/21 23:00:00,A,CLV10_EUR_HAB,B1GQ,HR,2006,10800,
ESTAT:SDG_08_10(1.0),29/11/21 23:00:00,A,CLV10_EUR_HAB,B1GQ,HR,2007,11330,
ESTAT:SDG_08_10(1.0),29/11/21 23:00:00,A,CLV10_EUR_HAB,B1GQ,HR,2008,11550,
ESTAT:SDG_08_10(1.0),29/11/21 23:00:00,A,CLV10_EUR_HAB,B1GQ,HR,2009,10720,
ESTAT:SDG_08_10(1.0),29/11/21 23:00:00,A,CLV10_EUR_HAB,B1GQ,HR,2010,10610,
ESTAT:SDG_08_10(1.0),29/11/21 23:00:00,A,CLV10_EUR_HAB,B1GQ,HR,2011,10630,
ESTAT:SDG_08_10(1.0),29/11/21 23:00:00,A,CLV10_EUR_HAB,B1GQ,HR,2012,10420,
ESTAT:SDG_08_10(1.0),29/11/21 23:00:00,A,CLV10_EUR_HAB,B1GQ,HR,2013,10420,
ESTAT:SDG_08_10(1.0),29/11/21 23:00:00,A,CLV10_EUR_HAB,B1GQ,HR,2014,10430,
ESTAT:SDG_08_10(1.0),29/11/21 23:00:00,A,CLV10_EUR_HAB,B1GQ,HR,2015,10770,
ESTAT:SDG_08_10(1.0),29/11/21 23:00:00,A,CLV10_EUR_HAB,B1GQ,HR,2016,11240,
ESTAT:SDG_08_10(1.0),29/11/21 23:00:00,A,CLV10_EUR_HAB,B1GQ,HR,2017,11750,
ESTAT:SDG_08_10(1.0),29/11/21 23:00:00,A,CLV10_EUR_HAB,B1GQ,HR,2018,12200,
ESTAT:SDG_08_10(1.0),29/11/21 23:00:00,A,CLV10_EUR_HAB,B1GQ,HR,2019,12700,
ESTAT:SDG_08_10(1.0),29/11/21 23:00:00,A,CLV10_EUR_HAB,B1GQ,HU,2004,9530,
ESTAT:SDG_08_10(1.0),29/11/21 23:00:00,A,CLV10_EUR_HAB,B1GQ,HU,2005,9950,
ESTAT:SDG_08_10(1.0),29/11/21 23:00:00,A,CLV10_EUR_HAB,B1GQ,HU,2006,10360,
ESTAT:SDG_08_10(1.0),29/11/21 23:00:00,A,CLV10_EUR_HAB,B1GQ,HU,2007,10410,
ESTAT:SDG_08_10(1.0),29/11/21 23:00:00,A,CLV10_EUR_HAB,B1GQ,HU,2008,10530,
ESTAT:SDG_08_10(1.0),29/11/21 23:00:00,A,CLV10_EUR_HAB,B1GQ,HU,2009,9850,
ESTAT:SDG_08_10(1.0),29/11/21 23:00:00,A,CLV10_EUR_HAB,B1GQ,HU,2010,9980,
ESTAT:SDG_08_10(1.0),29/11/21 23:00:00,A,CLV10_EUR_HAB,B1GQ,HU,2011,10200,
ESTAT:SDG_08_10(1.0),29/11/21 23:00:00,A,CLV10_EUR_HAB,B1GQ,HU,2012,10120,
ESTAT:SDG_08_10(1.0),29/11/21 23:00:00,A,CLV10_EUR_HAB,B1GQ,HU,2013,10330,
ESTAT:SDG_08_10(1.0),29/11/21 23:00:00,A,CLV10_EUR_HAB,B1GQ,HU,2014,10800,
ESTAT:SDG_08_10(1.0),29/11/21 23:00:00,A,CLV10_EUR_HAB,B1GQ,HU,2015,11220,
ESTAT:SDG_08_10(1.0),29/11/21 23:00:00,A,CLV10_EUR_HAB,B1GQ,HU,2016,11500,
ESTAT:SDG_08_10(1.0),29/11/21 23:00:00,A,CLV10_EUR_HAB,B1GQ,HU,2017,12030,
ESTAT:SDG_08_10(1.0),29/11/21 23:00:00,A,CLV10_EUR_HAB,B1GQ,HU,2018,12690,
ESTAT:SDG_08_10(1.0),29/11/21 23:00:00,A,CLV10_EUR_HAB,B1GQ,HU,2019,13270,
ESTAT:SDG_08_10(1.0),29/11/21 23:00:00,A,CLV10_EUR_HAB,B1GQ,IE,2004,38170,
ESTAT:SDG_08_10(1.0),29/11/21 23:00:00,A,CLV10_EUR_HAB,B1GQ,IE,2005,39460,
ESTAT:SDG_08_10(1.0),29/11/21 23:00:00,A,CLV10_EUR_HAB,B1GQ,IE,2006,40360,
ESTAT:SDG_08_10(1.0),29/11/21 23:00:00,A,CLV10_EUR_HAB,B1GQ,IE,2007,41240,
ESTAT:SDG_08_10(1.0),29/11/21 23:00:00,A,CLV10_EUR_HAB,B1GQ,IE,2008,38550,
ESTAT:SDG_08_10(1.0),29/11/21 23:00:00,A,CLV10_EUR_HAB,B1GQ,IE,2009,36240,
ESTAT:SDG_08_10(1.0),29/11/21 23:00:00,A,CLV10_EUR_HAB,B1GQ,IE,2010,36700,
ESTAT:SDG_08_10(1.0),29/11/21 23:00:00,A,CLV10_EUR_HAB,B1GQ,IE,2011,36940,
ESTAT:SDG_08_10(1.0),29/11/21 23:00:00,A,CLV10_EUR_HAB,B1GQ,IE,2012,36770,
ESTAT:SDG_08_10(1.0),29/11/21 23:00:00,A,CLV10_EUR_HAB,B1GQ,IE,2013,37060,
ESTAT:SDG_08_10(1.0),29/11/21 23:00:00,A,CLV10_EUR_HAB,B1GQ,IE,2014,40010,
ESTAT:SDG_08_10(1.0),29/11/21 23:00:00,A,CLV10_EUR_HAB,B1GQ,IE,2015,49620,
ESTAT:SDG_08_10(1.0),29/11/21 23:00:00,A,CLV10_EUR_HAB,B1GQ,IE,2016,50060,
ESTAT:SDG_08_10(1.0),29/11/21 23:00:00,A,CLV10_EUR_HAB,B1GQ,IE,2017,53930,
ESTAT:SDG_08_10(1.0),29/11/21 23:00:00,A,CLV10_EUR_HAB,B1GQ,IE,2018,58100,
ESTAT:SDG_08_10(1.0),29/11/21 23:00:00,A,CLV10_EUR_HAB,B1GQ,IE,2019,60130,
ESTAT:SDG_08_10(1.0),29/11/21 23:00:00,A,CLV10_EUR_HAB,B1GQ,IS,2004,31620,
ESTAT:SDG_08_10(1.0),29/11/21 23:00:00,A,CLV10_EUR_HAB,B1GQ,IS,2005,33190,
ESTAT:SDG_08_10(1.0),29/11/21 23:00:00,A,CLV10_EUR_HAB,B1GQ,IS,2006,34310,
ESTAT:SDG_08_10(1.0),29/11/21 23:00:00,A,CLV10_EUR_HAB,B1GQ,IS,2007,36360,
ESTAT:SDG_08_10(1.0),29/11/21 23:00:00,A,CLV10_EUR_HAB,B1GQ,IS,2008,36230,
ESTAT:SDG_08_10(1.0),29/11/21 23:00:00,A,CLV10_EUR_HAB,B1GQ,IS,2009,33480,
ESTAT:SDG_08_10(1.0),29/11/21 23:00:00,A,CLV10_EUR_HAB,B1GQ,IS,2010,32650,
ESTAT:SDG_08_10(1.0),29/11/21 23:00:00,A,CLV10_EUR_HAB,B1GQ,IS,2011,33150,
ESTAT:SDG_08_10(1.0),29/11/21 23:00:00,A,CLV10_EUR_HAB,B1GQ,IS,2012,33330,
ESTAT:SDG_08_10(1.0),29/11/21 23:00:00,A,CLV10_EUR_HAB,B1GQ,IS,2013,34510,
ESTAT:SDG_08_10(1.0),29/11/21 23:00:00,A,CLV10_EUR_HAB,B1GQ,IS,2014,34710,
ESTAT:SDG_08_10(1.0),29/11/21 23:00:00,A,CLV10_EUR_HAB,B1GQ,IS,2015,35870,
ESTAT:SDG_08_10(1.0),29/11/21 23:00:00,A,CLV10_EUR_HAB,B1GQ,IS,2016,37610,
ESTAT:SDG_08_10(1.0),29/11/21 23:00:00,A,CLV10_EUR_HAB,B1GQ,IS,2017,38280,
ESTAT:SDG_08_10(1.0),29/11/21 23:00:00,A,CLV10_EUR_HAB,B1GQ,IS,2018,39090,
ESTAT:SDG_08_10(1.0),29/11/21 23:00:00,A,CLV10_EUR_HAB,B1GQ,IS,2019,39160,
ESTAT:SDG_08_10(1.0),29/11/21 23:00:00,A,CLV10_EUR_HAB,B1GQ,IT,2004,28040,
ESTAT:SDG_08_10(1.0),29/11/21 23:00:00,A,CLV10_EUR_HAB,B1GQ,IT,2005,28100,
ESTAT:SDG_08_10(1.0),29/11/21 23:00:00,A,CLV10_EUR_HAB,B1GQ,IT,2006,28490,
ESTAT:SDG_08_10(1.0),29/11/21 23:00:00,A,CLV10_EUR_HAB,B1GQ,IT,2007,28740,
ESTAT:SDG_08_10(1.0),29/11/21 23:00:00,A,CLV10_EUR_HAB,B1GQ,IT,2008,28250,
ESTAT:SDG_08_10(1.0),29/11/21 23:00:00,A,CLV10_EUR_HAB,B1GQ,IT,2009,26600,
ESTAT:SDG_08_10(1.0),29/11/21 23:00:00,A,CLV10_EUR_HAB,B1GQ,IT,2010,26940,
ESTAT:SDG_08_10(1.0),29/11/21 23:00:00,A,CLV10_EUR_HAB,B1GQ,IT,2011,27030,
ESTAT:SDG_08_10(1.0),29/11/21 23:00:00,A,CLV10_EUR_HAB,B1GQ,IT,2012,26160,
ESTAT:SDG_08_10(1.0),29/11/21 23:00:00,A,CLV10_EUR_HAB,B1GQ,IT,2013,25620,
ESTAT:SDG_08_10(1.0),29/11/21 23:00:00,A,CLV10_EUR_HAB,B1GQ,IT,2014,25620,
ESTAT:SDG_08_10(1.0),29/11/21 23:00:00,A,CLV10_EUR_HAB,B1GQ,IT,2015,25860,
ESTAT:SDG_08_10(1.0),29/11/21 23:00:00,A,CLV10_EUR_HAB,B1GQ,IT,2016,26240,
ESTAT:SDG_08_10(1.0),29/11/21 23:00:00,A,CLV10_EUR_HAB,B1GQ,IT,2017,26730,
ESTAT:SDG_08_10(1.0),29/11/21 23:00:00,A,CLV10_EUR_HAB,B1GQ,IT,2018,27030,
ESTAT:SDG_08_10(1.0),29/11/21 23:00:00,A,CLV10_EUR_HAB,B1GQ,IT,2019,27210,
ESTAT:SDG_08_10(1.0),29/11/21 23:00:00,A,CLV10_EUR_HAB,B1GQ,LT,2004,7270,
ESTAT:SDG_08_10(1.0),29/11/21 23:00:00,A,CLV10_EUR_HAB,B1GQ,LT,2005,7960,
ESTAT:SDG_08_10(1.0),29/11/21 23:00:00,A,CLV10_EUR_HAB,B1GQ,LT,2006,8690,
ESTAT:SDG_08_10(1.0),29/11/21 23:00:00,A,CLV10_EUR_HAB,B1GQ,LT,2007,9770,
ESTAT:SDG_08_10(1.0),29/11/21 23:00:00,A,CLV10_EUR_HAB,B1GQ,LT,2008,10130,
ESTAT:SDG_08_10(1.0),29/11/21 23:00:00,A,CLV10_EUR_HAB,B1GQ,LT,2009,8720,
ESTAT:SDG_08_10(1.0),29/11/21 23:00:00,A,CLV10_EUR_HAB,B1GQ,LT,2010,9050,
ESTAT:SDG_08_10(1.0),29/11/21 23:00:00,A,CLV10_EUR_HAB,B1GQ,LT,2011,9820,
ESTAT:SDG_08_10(1.0),29/11/21 23:00:00,A,CLV10_EUR_HAB,B1GQ,LT,2012,10330,
ESTAT:SDG_08_10(1.0),29/11/21 23:00:00,A,CLV10_EUR_HAB,B1GQ,LT,2013,10810,
ESTAT:SDG_08_10(1.0),29/11/21 23:00:00,A,CLV10_EUR_HAB,B1GQ,LT,2014,11290,
ESTAT:SDG_08_10(1.0),29/11/21 23:00:00,A,CLV10_EUR_HAB,B1GQ,LT,2015,11620,
ESTAT:SDG_08_10(1.0),29/11/21 23:00:00,A,CLV10_EUR_HAB,B1GQ,LT,2016,12070,
ESTAT:SDG_08_10(1.0),29/11/21 23:00:00,A,CLV10_EUR_HAB,B1GQ,LT,2017,12760,
ESTAT:SDG_08_10(1.0),29/11/21 23:00:00,A,CLV10_EUR_HAB,B1GQ,LT,2018,13400,
ESTAT:SDG_08_10(1.0),29/11/21 23:00:00,A,CLV10_EUR_HAB,B1GQ,LT,2019,14050,
ESTAT:SDG_08_10(1.0),29/11/21 23:00:00,A,CLV10_EUR_HAB,B1GQ,LU,2004,78660,
ESTAT:SDG_08_10(1.0),29/11/21 23:00:00,A,CLV10_EUR_HAB,B1GQ,LU,2005,79370,
ESTAT:SDG_08_10(1.0),29/11/21 23:00:00,A,CLV10_EUR_HAB,B1GQ,LU,2006,82860,
ESTAT:SDG_08_10(1.0),29/11/21 23:00:00,A,CLV10_EUR_HAB,B1GQ,LU,2007,88120,
ESTAT:SDG_08_10(1.0),29/11/21 23:00:00,A,CLV10_EUR_HAB,B1GQ,LU,2008,86330,
ESTAT:SDG_08_10(1.0),29/11/21 23:00:00,A,CLV10_EUR_HAB,B1GQ,LU,2009,82020,
ESTAT:SDG_08_10(1.0),29/11/21 23:00:00,A,CLV10_EUR_HAB,B1GQ,LU,2010,83550,
ESTAT:SDG_08_10(1.0),29/11/21 23:00:00,A,CLV10_EUR_HAB,B1GQ,LU,2011,82490,
ESTAT:SDG_08_10(1.0),29/11/21 23:00:00,A,CLV10_EUR_HAB,B1GQ,LU,2012,81940,
ESTAT:SDG_08_10(1.0),29/11/21 23:00:00,A,CLV10_EUR_HAB,B1GQ,LU,2013,82400,
ESTAT:SDG_08_10(1.0),29/11/21 23:00:00,A,CLV10_EUR_HAB,B1GQ,LU,2014,82590,
ESTAT:SDG_08_10(1.0),29/11/21 23:00:00,A,CLV10_EUR_HAB,B1GQ,LU,2015,82820,
ESTAT:SDG_08_10(1.0),29/11/21 23:00:00,A,CLV10_EUR_HAB,B1GQ,LU,2016,84750,
ESTAT:SDG_08_10(1.0),29/11/21 23:00:00,A,CLV10_EUR_HAB,B1GQ,LU,2017,84020,
ESTAT:SDG_08_10(1.0),29/11/21 23:00:00,A,CLV10_EUR_HAB,B1GQ,LU,2018,84040,
ESTAT:SDG_08_10(1.0),29/11/21 23:00:00,A,CLV10_EUR_HAB,B1GQ,LU,2019,85030,
ESTAT:SDG_08_10(1.0),29/11/21 23:00:00,A,CLV10_EUR_HAB,B1GQ,LV,2004,7340,
ESTAT:SDG_08_10(1.0),29/11/21 23:00:00,A,CLV10_EUR_HAB,B1GQ,LV,2005,8210,
ESTAT:SDG_08_10(1.0),29/11/21 23:00:00,A,CLV10_EUR_HAB,B1GQ,LV,2006,9280,
ESTAT:SDG_08_10(1.0),29/11/21 23:00:00,A,CLV10_EUR_HAB,B1GQ,LV,2007,10280,
ESTAT:SDG_08_10(1.0),29/11/21 23:00:00,A,CLV10_EUR_HAB,B1GQ,LV,2008,10050,
ESTAT:SDG_08_10(1.0),29/11/21 23:00:00,A,CLV10_EUR_HAB,B1GQ,LV,2009,8770,
ESTAT:SDG_08_10(1.0),29/11/21 23:00:00,A,CLV10_EUR_HAB,B1GQ,LV,2010,8550,
ESTAT:SDG_08_10(1.0),29/11/21 23:00:00,A,CLV10_EUR_HAB,B1GQ,LV,2011,8940,
ESTAT:SDG_08_10(1.0),29/11/21 23:00:00,A,CLV10_EUR_HAB,B1GQ,LV,2012,9680,
ESTAT:SDG_08_10(1.0),29/11/21 23:00:00,A,CLV10_EUR_HAB,B1GQ,LV,2013,9980,
ESTAT:SDG_08_10(1.0),29/11/21 23:00:00,A,CLV10_EUR_HAB,B1GQ,LV,2014,10260,
ESTAT:SDG_08_10(1.0),29/11/21 23:00:00,A,CLV10_EUR_HAB,B1GQ,LV,2015,10750,
ESTAT:SDG_08_10(1.0),29/11/21 23:00:00,A,CLV10_EUR_HAB,B1GQ,LV,2016,11110,
ESTAT:SDG_08_10(1.0),29/11/21 23:00:00,A,CLV10_EUR_HAB,B1GQ,LV,2017,11590,
ESTAT:SDG_08_10(1.0),29/11/21 23:00:00,A,CLV10_EUR_HAB,B1GQ,LV,2018,12140,
ESTAT:SDG_08_10(1.0),29/11/21 23:00:00,A,CLV10_EUR_HAB,B1GQ,LV,2019,12530,
ESTAT:SDG_08_10(1.0),29/11/21 23:00:00,A,CLV10_EUR_HAB,B1GQ,ME,2006,4580,
ESTAT:SDG_08_10(1.0),29/11/21 23:00:00,A,CLV10_EUR_HAB,B1GQ,ME,2007,4890,
ESTAT:SDG_08_10(1.0),29/11/21 23:00:00,A,CLV10_EUR_HAB,B1GQ,ME,2008,5230,
ESTAT:SDG_08_10(1.0),29/11/21 23:00:00,A,CLV10_EUR_HAB,B1GQ,ME,2009,4920,
ESTAT:SDG_08_10(1.0),29/11/21 23:00:00,A,CLV10_EUR_HAB,B1GQ,ME,2010,5050,
ESTAT:SDG_08_10(1.0),29/11/21 23:00:00,A,CLV10_EUR_HAB,B1GQ,ME,2011,5200,
ESTAT:SDG_08_10(1.0),29/11/21 23:00:00,A,CLV10_EUR_HAB,B1GQ,ME,2012,5060,
ESTAT:SDG_08_10(1.0),29/11/21 23:00:00,A,CLV10_EUR_HAB,B1GQ,ME,2013,5230,
ESTAT:SDG_08_10(1.0),29/11/21 23:00:00,A,CLV10_EUR_HAB,B1GQ,ME,2014,5320,
ESTAT:SDG_08_10(1.0),29/11/21 23:00:00,A,CLV10_EUR_HAB,B1GQ,ME,2015,5500,
ESTAT:SDG_08_10(1.0),29/11/21 23:00:00,A,CLV10_EUR_HAB,B1GQ,ME,2016,5660,
ESTAT:SDG_08_10(1.0),29/11/21 23:00:00,A,CLV10_EUR_HAB,B1GQ,ME,2017,5920,
ESTAT:SDG_08_10(1.0),29/11/21 23:00:00,A,CLV10_EUR_HAB,B1GQ,ME,2018,6230,
ESTAT:SDG_08_10(1.0),29/11/21 23:00:00,A,CLV10_EUR_HAB,B1GQ,ME,2019,6480,
ESTAT:SDG_08_10(1.0),29/11/21 23:00:00,A,CLV10_EUR_HAB,B1GQ,MK,2004,2750,e
ESTAT:SDG_08_10(1.0),29/11/21 23:00:00,A,CLV10_EUR_HAB,B1GQ,MK,2005,2870,e
ESTAT:SDG_08_10(1.0),29/11/21 23:00:00,A,CLV10_EUR_HAB,B1GQ,MK,2006,3010,e
ESTAT:SDG_08_10(1.0),29/11/21 23:00:00,A,CLV10_EUR_HAB,B1GQ,MK,2007,3200,e
ESTAT:SDG_08_10(1.0),29/11/21 23:00:00,A,CLV10_EUR_HAB,B1GQ,MK,2008,3370,e
ESTAT:SDG_08_10(1.0),29/11/21 23:00:00,A,CLV10_EUR_HAB,B1GQ,MK,2009,3350,e
ESTAT:SDG_08_10(1.0),29/11/21 23:00:00,A,CLV10_EUR_HAB,B1GQ,MK,2010,3460,e
ESTAT:SDG_08_10(1.0),29/11/21 23:00:00,A,CLV10_EUR_HAB,B1GQ,MK,2011,3530,e
ESTAT:SDG_08_10(1.0),29/11/21 23:00:00,A,CLV10_EUR_HAB,B1GQ,MK,2012,3510,e
ESTAT:SDG_08_10(1.0),29/11/21 23:00:00,A,CLV10_EUR_HAB,B1GQ,MK,2013,3610,e
ESTAT:SDG_08_10(1.0),29/11/21 23:00:00,A,CLV10_EUR_HAB,B1GQ,MK,2014,3740,e
ESTAT:SDG_08_10(1.0),29/11/21 23:00:00,A,CLV10_EUR_HAB,B1GQ,MK,2015,3870,e
ESTAT:SDG_08_10(1.0),29/11/21 23:00:00,A,CLV10_EUR_HAB,B1GQ,MK,2016,3980,e
ESTAT:SDG_08_10(1.0),29/11/21 23:00:00,A,CLV10_EUR_HAB,B1GQ,MK,2017,4020,e
ESTAT:SDG_08_10(1.0),29/11/21 23:00:00,A,CLV10_EUR_HAB,B1GQ,MK,2018,4130,e
ESTAT:SDG_08_10(1.0),29/11/21 23:00:00,A,CLV10_EUR_HAB,B1GQ,MT,2004,14120,
ESTAT:SDG_08_10(1.0),29/11/21 23:00:00,A,CLV10_EUR_HAB,B1GQ,MT,2005,14510,
ESTAT:SDG_08_10(1.0),29/11/21 23:00:00,A,CLV10_EUR_HAB,B1GQ,MT,2006,14820,
ESTAT:SDG_08_10(1.0),29/11/21 23:00:00,A,CLV10_EUR_HAB,B1GQ,MT,2007,15470,
ESTAT:SDG_08_10(1.0),29/11/21 23:00:00,A,CLV10_EUR_HAB,B1GQ,MT,2008,15960,
ESTAT:SDG_08_10(1.0),29/11/21 23:00:00,A,CLV10_EUR_HAB,B1GQ,MT,2009,15660,
ESTAT:SDG_08_10(1.0),29/11/21 23:00:00,A,CLV10_EUR_HAB,B1GQ,MT,2010,16440,
ESTAT:SDG_08_10(1.0),29/11/21 23:00:00,A,CLV10_EUR_HAB,B1GQ,MT,2011,16450,
ESTAT:SDG_08_10(1.0),29/11/21 23:00:00,A,CLV10_EUR_HAB,B1GQ,MT,2012,16970,
ESTAT:SDG_08_10(1.0),29/11/21 23:00:00,A,CLV10_EUR_HAB,B1GQ,MT,2013,17650,
ESTAT:SDG_08_10(1.0),29/11/21 23:00:00,A,CLV10_EUR_HAB,B1GQ,MT,2014,18610,
ESTAT:SDG_08_10(1.0),29/11/21 23:00:00,A,CLV10_EUR_HAB,B1GQ,MT,2015,19920,
ESTAT:SDG_08_10(1.0),29/11/21 23:00:00,A,CLV10_EUR_HAB,B1GQ,MT,2016,20210,
ESTAT:SDG_08_10(1.0),29/11/21 23:00:00,A,CLV10_EUR_HAB,B1GQ,MT,2017,21810,
ESTAT:SDG_08_10(1.0),29/11/21 23:00:00,A,CLV10_EUR_HAB,B1GQ,MT,2018,22350,
ESTAT:SDG_08_10(1.0),29/11/21 23:00:00,A,CLV10_EUR_HAB,B1GQ,MT,2019,22720,
ESTAT:SDG_08_10(1.0),29/11/21 23:00:00,A,CLV10_EUR_HAB,B1GQ,NL,2004,35920,
ESTAT:SDG_08_10(1.0),29/11/21 23:00:00,A,CLV10_EUR_HAB,B1GQ,NL,2005,36570,
ESTAT:SDG_08_10(1.0),29/11/21 23:00:00,A,CLV10_EUR_HAB,B1GQ,NL,2006,37780,
ESTAT:SDG_08_10(1.0),29/11/21 23:00:00,A,CLV10_EUR_HAB,B1GQ,NL,2007,39120,
ESTAT:SDG_08_10(1.0),29/11/21 23:00:00,A,CLV10_EUR_HAB,B1GQ,NL,2008,39810,
ESTAT:SDG_08_10(1.0),29/11/21 23:00:00,A,CLV10_EUR_HAB,B1GQ,NL,2009,38160,
ESTAT:SDG_08_10(1.0),29/11/21 23:00:00,A,CLV10_EUR_HAB,B1GQ,NL,2010,38470,
ESTAT:SDG_08_10(1.0),29/11/21 23:00:00,A,CLV10_EUR_HAB,B1GQ,NL,2011,38880,
ESTAT:SDG_08_10(1.0),29/11/21 23:00:00,A,CLV10_EUR_HAB,B1GQ,NL,2012,38340,
ESTAT:SDG_08_10(1.0),29/11/21 23:00:00,A,CLV10_EUR_HAB,B1GQ,NL,2013,38180,
ESTAT:SDG_08_10(1.0),29/11/21 23:00:00,A,CLV10_EUR_HAB,B1GQ,NL,2014,38580,
ESTAT:SDG_08_10(1.0),29/11/21 23:00:00,A,CLV10_EUR_HAB,B1GQ,NL,2015,39170,
ESTAT:SDG_08_10(1.0),29/11/21 23:00:00,A,CLV10_EUR_HAB,B1GQ,NL,2016,39810,
ESTAT:SDG_08_10(1.0),29/11/21 23:00:00,A,CLV10_EUR_HAB,B1GQ,NL,2017,40730,
ESTAT:SDG_08_10(1.0),29/11/21 23:00:00,A,CLV10_EUR_HAB,B1GQ,NL,2018,41450,
ESTAT:SDG_08_10(1.0),29/11/21 23:00:00,A,CLV10_EUR_HAB,B1GQ,NL,2019,41980,p
ESTAT:SDG_08_10(1.0),29/11/21 23:00:00,A,CLV10_EUR_HAB,B1GQ,NO,2004,65510,
ESTAT:SDG_08_10(1.0),29/11/21 23:00:00,A,CLV10_EUR_HAB,B1GQ,NO,2005,66780,
ESTAT:SDG_08_10(1.0),29/11/21 23:00:00,A,CLV10_EUR_HAB,B1GQ,NO,2006,67830,
ESTAT:SDG_08_10(1.0),29/11/21 23:00:00,A,CLV10_EUR_HAB,B1GQ,NO,2007,69140,
ESTAT:SDG_08_10(1.0),29/11/21 23:00:00,A,CLV10_EUR_HAB,B1GQ,NO,2008,68610,
ESTAT:SDG_08_10(1.0),29/11/21 23:00:00,A,CLV10_EUR_HAB,B1GQ,NO,2009,66580,
ESTAT:SDG_08_10(1.0),29/11/21 23:00:00,A,CLV10_EUR_HAB,B1GQ,NO,2010,66220,
ESTAT:SDG_08_10(1.0),29/11/21 23:00:00,A,CLV10_EUR_HAB,B1GQ,NO,2011,66010,
ESTAT:SDG_08_10(1.0),29/11/21 23:00:00,A,CLV10_EUR_HAB,B1GQ,NO,2012,66900,
ESTAT:SDG_08_10(1.0),29/11/21 23:00:00,A,CLV10_EUR_HAB,B1GQ,NO,2013,66780,
ESTAT:SDG_08_10(1.0),29/11/21 23:00:00,A,CLV10_EUR_HAB,B1GQ,NO,2014,67340,
ESTAT:SDG_08_10(1.0),29/11/21 23:00:00,A,CLV10_EUR_HAB,B1GQ,NO,2015,67960,
ESTAT:SDG_08_10(1.0),29/11/21 23:00:00,A,CLV10_EUR_HAB,B1GQ,NO,2016,68090,
ESTAT:SDG_08_10(1.0),29/11/21 23:00:00,A,CLV10_EUR_HAB,B1GQ,NO,2017,69130,
ESTAT:SDG_08_10(1.0),29/11/21 23:00:00,A,CLV10_EUR_HAB,B1GQ,NO,2018,69440,
ESTAT:SDG_08_10(1.0),29/11/21 23:00:00,A,CLV10_EUR_HAB,B1GQ,NO,2019,69560,
ESTAT:SDG_08_10(1.0),29/11/21 23:00:00,A,CLV10_EUR_HAB,B1GQ,PL,2004,7260,
ESTAT:SDG_08_10(1.0),29/11/21 23:00:00,A,CLV10_EUR_HAB,B1GQ,PL,2005,7510,
ESTAT:SDG_08_10(1.0),29/11/21 23:00:00,A,CLV10_EUR_HAB,B1GQ,PL,2006,7980,
ESTAT:SDG_08_10(1.0),29/11/21 23:00:00,A,CLV10_EUR_HAB,B1GQ,PL,2007,8550,
ESTAT:SDG_08_10(1.0),29/11/21 23:00:00,A,CLV10_EUR_HAB,B1GQ,PL,2008,8910,
ESTAT:SDG_08_10(1.0),29/11/21 23:00:00,A,CLV10_EUR_HAB,B1GQ,PL,2009,9070,
ESTAT:SDG_08_10(1.0),29/11/21 23:00:00,A,CLV10_EUR_HAB,B1GQ,PL,2010,9400,
ESTAT:SDG_08_10(1.0),29/11/21 23:00:00,A,CLV10_EUR_HAB,B1GQ,PL,2011,9850,
ESTAT:SDG_08_10(1.0),29/11/21 23:00:00,A,CLV10_EUR_HAB,B1GQ,PL,2012,9980,
ESTAT:SDG_08_10(1.0),29/11/21 23:00:00,A,CLV10_EUR_HAB,B1GQ,PL,2013,10100,
ESTAT:SDG_08_10(1.0),29/11/21 23:00:00,A,CLV10_EUR_HAB,B1GQ,PL,2014,10440,
ESTAT:SDG_08_10(1.0),29/11/21 23:00:00,A,CLV10_EUR_HAB,B1GQ,PL,2015,10890,
ESTAT:SDG_08_10(1.0),29/11/21 23:00:00,A,CLV10_EUR_HAB,B1GQ,PL,2016,11240,
ESTAT:SDG_08_10(1.0),29/11/21 23:00:00,A,CLV10_EUR_HAB,B1GQ,PL,2017,11790,
ESTAT:SDG_08_10(1.0),29/11/21 23:00:00,A,CLV10_EUR_HAB,B1GQ,PL,2018,12420,
ESTAT:SDG_08_10(1.0),29/11/21 23:00:00,A,CLV10_EUR_HAB,B1GQ,PL,2019,13020,
ESTAT:SDG_08_10(1.0),29/11/21 23:00:00,A,CLV10_EUR_HAB,B1GQ,PT,2004,16500,
ESTAT:SDG_08_10(1.0),29/11/21 23:00:00,A,CLV10_EUR_HAB,B1GQ,PT,2005,16600,
ESTAT:SDG_08_10(1.0),29/11/21 23:00:00,A,CLV10_EUR_HAB,B1GQ,PT,2006,16840,
ESTAT:SDG_08_10(1.0),29/11/21 23:00:00,A,CLV10_EUR_HAB,B1GQ,PT,2007,17230,
ESTAT:SDG_08_10(1.0),29/11/21 23:00:00,A,CLV10_EUR_HAB,B1GQ,PT,2008,17260,
ESTAT:SDG_08_10(1.0),29/11/21 23:00:00,A,CLV10_EUR_HAB,B1GQ,PT,2009,16710,
ESTAT:SDG_08_10(1.0),29/11/21 23:00:00,A,CLV10_EUR_HAB,B1GQ,PT,2010,16990,
ESTAT:SDG_08_10(1.0),29/11/21 23:00:00,A,CLV10_EUR_HAB,B1GQ,PT,2011,16720,
ESTAT:SDG_08_10(1.0),29/11/21 23:00:00,A,CLV10_EUR_HAB,B1GQ,PT,2012,16110,
ESTAT:SDG_08_10(1.0),29/11/21 23:00:00,A,CLV10_EUR_HAB,B1GQ,PT,2013,16050,
ESTAT:SDG_08_10(1.0),29/11/21 23:00:00,A,CLV10_EUR_HAB,B1GQ,PT,2014,16260,
ESTAT:SDG_08_10(1.0),29/11/21 23:00:00,A,CLV10_EUR_HAB,B1GQ,PT,2015,16620,
ESTAT:SDG_08_10(1.0),29/11/21 23:00:00,A,CLV10_EUR_HAB,B1GQ,PT,2016,17010,
ESTAT:SDG_08_10(1.0),29/11/21 23:00:00,A,CLV10_EUR_HAB,B1GQ,PT,2017,17650,
ESTAT:SDG_08_10(1.0),29/11/21 23:00:00,A,CLV10_EUR_HAB,B1GQ,PT,2018,18190,
ESTAT:SDG_08_10(1.0),29/11/21 23:00:00,A,CLV10_EUR_HAB,B1GQ,PT,2019,18670,
ESTAT:SDG_08_10(1.0),29/11/21 23:00:00,A,CLV10_EUR_HAB,B1GQ,RO,2004,4860,b
ESTAT:SDG_08_10(1.0),29/11/21 23:00:00,A,CLV10_EUR_HAB,B1GQ,RO,2005,5120,
ESTAT:SDG_08_10(1.0),29/11/21 23:00:00,A,CLV10_EUR_HAB,B1GQ,RO,2006,5560,
ESTAT:SDG_08_10(1.0),29/11/21 23:00:00,A,CLV10_EUR_HAB,B1GQ,RO,2007,6050,
ESTAT:SDG_08_10(1.0),29/11/21 23:00:00,A,CLV10_EUR_HAB,B1GQ,RO,2008,6730,
ESTAT:SDG_08_10(1.0),29/11/21 23:00:00,A,CLV10_EUR_HAB,B1GQ,RO,2009,6410,
ESTAT:SDG_08_10(1.0),29/11/21 23:00:00,A,CLV10_EUR_HAB,B1GQ,RO,2010,6200,
ESTAT:SDG_08_10(1.0),29/11/21 23:00:00,A,CLV10_EUR_HAB,B1GQ,RO,2011,6350,
ESTAT:SDG_08_10(1.0),29/11/21 23:00:00,A,CLV10_EUR_HAB,B1GQ,RO,2012,6500,
ESTAT:SDG_08_10(1.0),29/11/21 23:00:00,A,CLV10_EUR_HAB,B1GQ,RO,2013,6770,
ESTAT:SDG_08_10(1.0),29/11/21 23:00:00,A,CLV10_EUR_HAB,B1GQ,RO,2014,7040,
ESTAT:SDG_08_10(1.0),29/11/21 23:00:00,A,CLV10_EUR_HAB,B1GQ,RO,2015,7290,
ESTAT:SDG_08_10(1.0),29/11/21 23:00:00,A,CLV10_EUR_HAB,B1GQ,RO,2016,7670,
ESTAT:SDG_08_10(1.0),29/11/21 23:00:00,A,CLV10_EUR_HAB,B1GQ,RO,2017,8280,
ESTAT:SDG_08_10(1.0),29/11/21 23:00:00,A,CLV10_EUR_HAB,B1GQ,RO,2018,8700,
ESTAT:SDG_08_10(1.0),29/11/21 23:00:00,A,CLV10_EUR_HAB,B1GQ,RO,2019,9120,
ESTAT:SDG_08_10(1.0),29/11/21 23:00:00,A,CLV10_EUR_HAB,B1GQ,RS,2004,3460,
ESTAT:SDG_08_10(1.0),29/11/21 23:00:00,A,CLV10_EUR_HAB,B1GQ,RS,2005,3660,
ESTAT:SDG_08_10(1.0),29/11/21 23:00:00,A,CLV10_EUR_HAB,B1GQ,RS,2006,3860,
ESTAT:SDG_08_10(1.0),29/11/21 23:00:00,A,CLV10_EUR_HAB,B1GQ,RS,2007,4130,
ESTAT:SDG_08_10(1.0),29/11/21 23:00:00,A,CLV10_EUR_HAB,B1GQ,RS,2008,4380,
ESTAT:SDG_08_10(1.0),29/11/21 23:00:00,A,CLV10_EUR_HAB,B1GQ,RS,2009,4280,
ESTAT:SDG_08_10(1.0),29/11/21 23:00:00,A,CLV10_EUR_HAB,B1GQ,RS,2010,4330,
ESTAT:SDG_08_10(1.0),29/11/21 23:00:00,A,CLV10_EUR_HAB,B1GQ,RS,2011,4450,
ESTAT:SDG_08_10(1.0),29/11/21 23:00:00,A,CLV10_EUR_HAB,B1GQ,RS,2012,4440,
ESTAT:SDG_08_10(1.0),29/11/21 23:00:00,A,CLV10_EUR_HAB,B1GQ,RS,2013,4590,
ESTAT:SDG_08_10(1.0),29/11/21 23:00:00,A,CLV10_EUR_HAB,B1GQ,RS,2014,4540,
ESTAT:SDG_08_10(1.0),29/11/21 23:00:00,A,CLV10_EUR_HAB,B1GQ,RS,2015,4640,
ESTAT:SDG_08_10(1.0),29/11/21 23:00:00,A,CLV10_EUR_HAB,B1GQ,RS,2016,4820,
ESTAT:SDG_08_10(1.0),29/11/21 23:00:00,A,CLV10_EUR_HAB,B1GQ,RS,2017,4950,
ESTAT:SDG_08_10(1.0),29/11/21 23:00:00,A,CLV10_EUR_HAB,B1GQ,RS,2018,5200,
ESTAT:SDG_08_10(1.0),29/11/21 23:00:00,A,CLV10_EUR_HAB,B1GQ,RS,2019,5460,
ESTAT:SDG_08_10(1.0),29/11/21 23:00:00,A,CLV10_EUR_HAB,B1GQ,SE,2004,37080,
ESTAT:SDG_08_10(1.0),29/11/21 23:00:00,A,CLV10_EUR_HAB,B1GQ,SE,2005,37990,
ESTAT:SDG_08_10(1.0),29/11/21 23:00:00,A,CLV10_EUR_HAB,B1GQ,SE,2006,39540,
ESTAT:SDG_08_10(1.0),29/11/21 23:00:00,A,CLV10_EUR_HAB,B1GQ,SE,2007,40590,
ESTAT:SDG_08_10(1.0),29/11/21 23:00:00,A,CLV10_EUR_HAB,B1GQ,SE,2008,40100,
ESTAT:SDG_08_10(1.0),29/11/21 23:00:00,A,CLV10_EUR_HAB,B1GQ,SE,2009,38030,
ESTAT:SDG_08_10(1.0),29/11/21 23:00:00,A,CLV10_EUR_HAB,B1GQ,SE,2010,39950,
ESTAT:SDG_08_10(1.0),29/11/21 23:00:00,A,CLV10_EUR_HAB,B1GQ,SE,2011,40920,
ESTAT:SDG_08_10(1.0),29/11/21 23:00:00,A,CLV10_EUR_HAB,B1GQ,SE,2012,40380,
ESTAT:SDG_08_10(1.0),29/11/21 23:00:00,A,CLV10_EUR_HAB,B1GQ,SE,2013,40510,
ESTAT:SDG_08_10(1.0),29/11/21 23:00:00,A,CLV10_EUR_HAB,B1GQ,SE,2014,41180,
ESTAT:SDG_08_10(1.0),29/11/21 23:00:00,A,CLV10_EUR_HAB,B1GQ,SE,2015,42580,
ESTAT:SDG_08_10(1.0),29/11/21 23:00:00,A,CLV10_EUR_HAB,B1GQ,SE,2016,42920,
ESTAT:SDG_08_10(1.0),29/11/21 23:00:00,A,CLV10_EUR_HAB,B1GQ,SE,2017,43430,
ESTAT:SDG_08_10(1.0),29/11/21 23:00:00,A,CLV10_EUR_HAB,B1GQ,SE,2018,43760,
ESTAT:SDG_08_10(1.0),29/11/21 23:00:00,A,CLV10_EUR_HAB,B1GQ,SE,2019,44180,
ESTAT:SDG_08_10(1.0),29/11/21 23:00:00,A,CLV10_EUR_HAB,B1GQ,SI,2004,15990,
ESTAT:SDG_08_10(1.0),29/11/21 23:00:00,A,CLV10_EUR_HAB,B1GQ,SI,2005,16570,
ESTAT:SDG_08_10(1.0),29/11/21 23:00:00,A,CLV10_EUR_HAB,B1GQ,SI,2006,17460,
ESTAT:SDG_08_10(1.0),29/11/21 23:00:00,A,CLV10_EUR_HAB,B1GQ,SI,2007,18570,
ESTAT:SDG_08_10(1.0),29/11/21 23:00:00,A,CLV10_EUR_HAB,B1GQ,SI,2008,19190,b
ESTAT:SDG_08_10(1.0),29/11/21 23:00:00,A,CLV10_EUR_HAB,B1GQ,SI,2009,17570,
ESTAT:SDG_08_10(1.0),29/11/21 23:00:00,A,CLV10_EUR_HAB,B1GQ,SI,2010,17750,
ESTAT:SDG_08_10(1.0),29/11/21 23:00:00,A,CLV10_EUR_HAB,B1GQ,SI,2011,17870,
ESTAT:SDG_08_10(1.0),29/11/21 23:00:00,A,CLV10_EUR_HAB,B1GQ,SI,2012,17360,
ESTAT:SDG_08_10(1.0),29/11/21 23:00:00,A,CLV10_EUR_HAB,B1GQ,SI,2013,17160,
ESTAT:SDG_08_10(1.0),29/11/21 23:00:00,A,CLV10_EUR_HAB,B1GQ,SI,2014,17620,
ESTAT:SDG_08_10(1.0),29/11/21 23:00:00,A,CLV10_EUR_HAB,B1GQ,SI,2015,17990,
ESTAT:SDG_08_10(1.0),29/11/21 23:00:00,A,CLV10_EUR_HAB,B1GQ,SI,2016,18550,
ESTAT:SDG_08_10(1.0),29/11/21 23:00:00,A,CLV10_EUR_HAB,B1GQ,SI,2017,19440,
ESTAT:SDG_08_10(1.0),29/11/21 23:00:00,A,CLV10_EUR_HAB,B1GQ,SI,2018,20240,
ESTAT:SDG_08_10(1.0),29/11/21 23:00:00,A,CLV10_EUR_HAB,B1GQ,SI,2019,20720,
ESTAT:SDG_08_10(1.0),29/11/21 23:00:00,A,CLV10_EUR_HAB,B1GQ,SK,2004,9360,
ESTAT:SDG_08_10(1.0),29/11/21 23:00:00,A,CLV10_EUR_HAB,B1GQ,SK,2005,9970,
ESTAT:SDG_08_10(1.0),29/11/21 23:00:00,A,CLV10_EUR_HAB,B1GQ,SK,2006,10800,
ESTAT:SDG_08_10(1.0),29/11/21 23:00:00,A,CLV10_EUR_HAB,B1GQ,SK,2007,11960,
ESTAT:SDG_08_10(1.0),29/11/21 23:00:00,A,CLV10_EUR_HAB,B1GQ,SK,2008,12610,
ESTAT:SDG_08_10(1.0),29/11/21 23:00:00,A,CLV10_EUR_HAB,B1GQ,SK,2009,11890,
ESTAT:SDG_08_10(1.0),29/11/21 23:00:00,A,CLV10_EUR_HAB,B1GQ,SK,2010,12610,
ESTAT:SDG_08_10(1.0),29/11/21 23:00:00,A,CLV10_EUR_HAB,B1GQ,SK,2011,13020,
ESTAT:SDG_08_10(1.0),29/11/21 23:00:00,A,CLV10_EUR_HAB,B1GQ,SK,2012,13180,
ESTAT:SDG_08_10(1.0),29/11/21 23:00:00,A,CLV10_EUR_HAB,B1GQ,SK,2013,13250,
ESTAT:SDG_08_10(1.0),29/11/21 23:00:00,A,CLV10_EUR_HAB,B1GQ,SK,2014,13600,
ESTAT:SDG_08_10(1.0),29/11/21 23:00:00,A,CLV10_EUR_HAB,B1GQ,SK,2015,14300,
ESTAT:SDG_08_10(1.0),29/11/21 23:00:00,A,CLV10_EUR_HAB,B1GQ,SK,2016,14550,
ESTAT:SDG_08_10(1.0),29/11/21 23:00:00,A,CLV10_EUR_HAB,B1GQ,SK,2017,14960,
ESTAT:SDG_08_10(1.0),29/11/21 23:00:00,A,CLV10_EUR_HAB,B1GQ,SK,2018,15510,
ESTAT:SDG_08_10(1.0),29/11/21 23:00:00,A,CLV10_EUR_HAB,B1GQ,SK,2019,15890,
ESTAT:SDG_08_10(1.0),29/11/21 23:00:00,A,CLV10_EUR_HAB,B1GQ,TR,2004,6790,
ESTAT:SDG_08_10(1.0),29/11/21 23:00:00,A,CLV10_EUR_HAB,B1GQ,TR,2005,7310,
ESTAT:SDG_08_10(1.0),29/11/21 23:00:00,A,CLV10_EUR_HAB,B1GQ,TR,2006,7720,
ESTAT:SDG_08_10(1.0),29/11/21 23:00:00,A,CLV10_EUR_HAB,B1GQ,TR,2007,8010,
ESTAT:SDG_08_10(1.0),29/11/21 23:00:00,A,CLV10_EUR_HAB,B1GQ,TR,2008,7980,
ESTAT:SDG_08_10(1.0),29/11/21 23:00:00,A,CLV10_EUR_HAB,B1GQ,TR,2009,7490,
ESTAT:SDG_08_10(1.0),29/11/21 23:00:00,A,CLV10_EUR_HAB,B1GQ,TR,2010,8000,
ESTAT:SDG_08_10(1.0),29/11/21 23:00:00,A,CLV10_EUR_HAB,B1GQ,TR,2011,8760,
ESTAT:SDG_08_10(1.0),29/11/21 23:00:00,A,CLV10_EUR_HAB,B1GQ,TR,2012,9070,
ESTAT:SDG_08_10(1.0),29/11/21 23:00:00,A,CLV10_EUR_HAB,B1GQ,TR,2013,9710,
ESTAT:SDG_08_10(1.0),29/11/21 23:00:00,A,CLV10_EUR_HAB,B1GQ,TR,2014,10050,
ESTAT:SDG_08_10(1.0),29/11/21 23:00:00,A,CLV10_EUR_HAB,B1GQ,TR,2015,10520,
ESTAT:SDG_08_10(1.0),29/11/21 23:00:00,A,CLV10_EUR_HAB,B1GQ,TR,2016,10730,
ESTAT:SDG_08_10(1.0),29/11/21 23:00:00,A,CLV10_EUR_HAB,B1GQ,TR,2017,11380,
ESTAT:SDG_08_10(1.0),29/11/21 23:00:00,A,CLV10_EUR_HAB,B1GQ,TR,2018,11560,
ESTAT:SDG_08_10(1.0),29/11/21 23:00:00,A,CLV10_EUR_HAB,B1GQ,TR,2019,11500,
ESTAT:SDG_08_10(1.0),29/11/21 23:00:00,A,CLV10_EUR_HAB,B1GQ,UK,2004,29560,
ESTAT:SDG_08_10(1.0),29/11/21 23:00:00,A,CLV10_EUR_HAB,B1GQ,UK,2005,30210,
ESTAT:SDG_08_10(1.0),29/11/21 23:00:00,A,CLV10_EUR_HAB,B1GQ,UK,2006,30810,
ESTAT:SDG_08_10(1.0),29/11/21 23:00:00,A,CLV10_EUR_HAB,B1GQ,UK,2007,31280,
ESTAT:SDG_08_10(1.0),29/11/21 23:00:00,A,CLV10_EUR_HAB,B1GQ,UK,2008,30940,
ESTAT:SDG_08_10(1.0),29/11/21 23:00:00,A,CLV10_EUR_HAB,B1GQ,UK,2009,29460,
ESTAT:SDG_08_10(1.0),29/11/21 23:00:00,A,CLV10_EUR_HAB,B1GQ,UK,2010,29830,
ESTAT:SDG_08_10(1.0),29/11/21 23:00:00,A,CLV10_EUR_HAB,B1GQ,UK,2011,29960,
ESTAT:SDG_08_10(1.0),29/11/21 23:00:00,A,CLV10_EUR_HAB,B1GQ,UK,2012,30190,
ESTAT:SDG_08_10(1.0),29/11/21 23:00:00,A,CLV10_EUR_HAB,B1GQ,UK,2013,30660,
ESTAT:SDG_08_10(1.0),29/11/21 23:00:00,A,CLV10_EUR_HAB,B1GQ,UK,2014,31290,
ESTAT:SDG_08_10(1.0),29/11/21 23:00:00,A,CLV10_EUR_HAB,B1GQ,UK,2015,31780,
ESTAT:SDG_08_10(1.0),29/11/21 23:00:00,A,CLV10_EUR_HAB,B1GQ,UK,2016,32060,
ESTAT:SDG_08_10(1.0),29/11/21 23:00:00,A,CLV10_EUR_HAB,B1GQ,UK,2017,32430,
ESTAT:SDG_08_10(1.0),29/11/21 23:00:00,A,CLV10_EUR_HAB,B1GQ,UK,2018,32640,
ESTAT:SDG_08_10(1.0),29/11/21 23:00:00,A,CLV10_EUR_HAB,B1GQ,UK,2019,32910,
