DATAFLOW,LAST UPDATE,freq,indic_is,ind_type,unit,geo,TIME_PERIOD,OBS_VALUE,OBS_FLAG
ESTAT:ISOC_EC_IBUY(1.0),25/05/21 11:00:00,A,I_BFURN,IND_TOTAL,PC_IND_BLT12,AT,2005,16,
ESTAT:ISOC_EC_IBUY(1.0),25/05/21 11:00:00,A,I_BFURN,IND_TOTAL,PC_IND_BLT12,AT,2006,21,
ESTAT:ISOC_EC_IBUY(1.0),25/05/21 11:00:00,A,I_BFURN,IND_TOTAL,PC_IND_BLT12,AT,2007,20,
ESTAT:ISOC_EC_IBUY(1.0),25/05/21 11:00:00,A,I_BFURN,IND_TOTAL,PC_IND_BLT12,AT,2008,24,
ESTAT:ISOC_EC_IBUY(1.0),25/05/21 11:00:00,A,I_BFURN,IND_TOTAL,PC_IND_BLT12,AT,2009,24,
ESTAT:ISOC_EC_IBUY(1.0),25/05/21 11:00:00,A,I_BFURN,IND_TOTAL,PC_IND_BLT12,AT,2010,22,
ESTAT:ISOC_EC_IBUY(1.0),25/05/21 11:00:00,A,I_BFURN,IND_TOTAL,PC_IND_BLT12,AT,2011,27,
ESTAT:ISOC_EC_IBUY(1.0),25/05/21 11:00:00,A,I_BFURN,IND_TOTAL,PC_IND_BLT12,AT,2012,29,
ESTAT:ISOC_EC_IBUY(1.0),25/05/21 11:00:00,A,I_BFURN,IND_TOTAL,PC_IND_BLT12,AT,2013,32,
ESTAT:ISOC_EC_IBUY(1.0),25/05/21 11:00:00,A,I_BFURN,IND_TOTAL,PC_IND_BLT12,AT,2014,31,
ESTAT:ISOC_EC_IBUY(1.0),25/05/21 11:00:00,A,I_BFURN,IND_TOTAL,PC_IND_BLT12,AT,2015,30,
ESTAT:ISOC_EC_IBUY(1.0),25/05/21 11:00:00,A,I_BFURN,IND_TOTAL,PC_IND_BLT12,AT,2016,34,
ESTAT:ISOC_EC_IBUY(1.0),25/05/21 11:00:00,A,I_BFURN,IND_TOTAL,PC_IND_BLT12,AT,2017,37,
ESTAT:ISOC_EC_IBUY(1.0),25/05/21 11:00:00,A,I_BFURN,IND_TOTAL,PC_IND_BLT12,AT,2018,38,
ESTAT:ISOC_EC_IBUY(1.0),25/05/21 11:00:00,A,I_BFURN,IND_TOTAL,PC_IND_BLT12,AT,2019,37,
ESTAT:ISOC_EC_IBUY(1.0),25/05/21 11:00:00,A,I_BFURN,IND_TOTAL,PC_IND_BLT12,BE,2006,12,
ESTAT:ISOC_EC_IBUY(1.0),25/05/21 11:00:00,A,I_BFURN,IND_TOTAL,PC_IND_BLT12,BE,2007,13,
ESTAT:ISOC_EC_IBUY(1.0),25/05/21 11:00:00,A,I_BFURN,IND_TOTAL,PC_IND_BLT12,BE,2008,14,
ESTAT:ISOC_EC_IBUY(1.0),25/05/21 11:00:00,A,I_BFURN,IND_TOTAL,PC_IND_BLT12,BE,2009,19,
ESTAT:ISOC_EC_IBUY(1.0),25/05/21 11:00:00,A,I_BFURN,IND_TOTAL,PC_IND_BLT12,BE,2010,19,
ESTAT:ISOC_EC_IBUY(1.0),25/05/21 11:00:00,A,I_BFURN,IND_TOTAL,PC_IND_BLT12,BE,2011,19,
ESTAT:ISOC_EC_IBUY(1.0),25/05/21 11:00:00,A,I_BFURN,IND_TOTAL,PC_IND_BLT12,BE,2012,22,
ESTAT:ISOC_EC_IBUY(1.0),25/05/21 11:00:00,A,I_BFURN,IND_TOTAL,PC_IND_BLT12,BE,2013,23,
ESTAT:ISOC_EC_IBUY(1.0),25/05/21 11:00:00,A,I_BFURN,IND_TOTAL,PC_IND_BLT12,BE,2014,26,
ESTAT:ISOC_EC_IBUY(1.0),25/05/21 11:00:00,A,I_BFURN,IND_TOTAL,PC_IND_BLT12,BE,2015,32,
ESTAT:ISOC_EC_IBUY(1.0),25/05/21 11:00:00,A,I_BFURN,IND_TOTAL,PC_IND_BLT12,BE,2016,32,
ESTAT:ISOC_EC_IBUY(1.0),25/05/21 11:00:00,A,I_BFURN,IND_TOTAL,PC_IND_BLT12,BE,2017,33,
ESTAT:ISOC_EC_IBUY(1.0),25/05/21 11:00:00,A,I_BFURN,IND_TOTAL,PC_IND_BLT12,BE,2018,28,u
ESTAT:ISOC_EC_IBUY(1.0),25/05/21 11:00:00,A,I_BFURN,IND_TOTAL,PC_IND_BLT12,BE,2019,29,u
ESTAT:ISOC_EC_IBUY(1.0),25/05/21 11:00:00,A,I_BFURN,IND_TOTAL,PC_IND_BLT12,BG,2006,22,
ESTAT:ISOC_EC_IBUY(1.0),25/05/21 11:00:00,A,I_BFURN,IND_TOTAL,PC_IND_BLT12,BG,2007,12,
ESTAT:ISOC_EC_IBUY(1.0),25/05/21 11:00:00,A,I_BFURN,IND_TOTAL,PC_IND_BLT12,BG,2008,11,
ESTAT:ISOC_EC_IBUY(1.0),25/05/21 11:00:00,A,I_BFURN,IND_TOTAL,PC_IND_BLT12,BG,2009,23,
ESTAT:ISOC_EC_IBUY(1.0),25/05/21 11:00:00,A,I_BFURN,IND_TOTAL,PC_IND_BLT12,BG,2010,18,
ESTAT:ISOC_EC_IBUY(1.0),25/05/21 11:00:00,A,I_BFURN,IND_TOTAL,PC_IND_BLT12,BG,2011,22,
ESTAT:ISOC_EC_IBUY(1.0),25/05/21 11:00:00,A,I_BFURN,IND_TOTAL,PC_IND_BLT12,BG,2012,21,
ESTAT:ISOC_EC_IBUY(1.0),25/05/21 11:00:00,A,I_BFURN,IND_TOTAL,PC_IND_BLT12,BG,2013,31,
ESTAT:ISOC_EC_IBUY(1.0),25/05/21 11:00:00,A,I_BFURN,IND_TOTAL,PC_IND_BLT12,BG,2014,31,
ESTAT:ISOC_EC_IBUY(1.0),25/05/21 11:00:00,A,I_BFURN,IND_TOTAL,PC_IND_BLT12,BG,2015,31,
ESTAT:ISOC_EC_IBUY(1.0),25/05/21 11:00:00,A,I_BFURN,IND_TOTAL,PC_IND_BLT12,BG,2016,25,
ESTAT:ISOC_EC_IBUY(1.0),25/05/21 11:00:00,A,I_BFURN,IND_TOTAL,PC_IND_BLT12,BG,2017,30,
ESTAT:ISOC_EC_IBUY(1.0),25/05/21 11:00:00,A,I_BFURN,IND_TOTAL,PC_IND_BLT12,BG,2018,33,
ESTAT:ISOC_EC_IBUY(1.0),25/05/21 11:00:00,A,I_BFURN,IND_TOTAL,PC_IND_BLT12,BG,2019,35,
ESTAT:ISOC_EC_IBUY(1.0),25/05/21 11:00:00,A,I_BFURN,IND_TOTAL,PC_IND_BLT12,CH,2014,32,
ESTAT:ISOC_EC_IBUY(1.0),25/05/21 11:00:00,A,I_BFURN,IND_TOTAL,PC_IND_BLT12,CH,2017,41,b
ESTAT:ISOC_EC_IBUY(1.0),25/05/21 11:00:00,A,I_BFURN,IND_TOTAL,PC_IND_BLT12,CH,2019,44,
ESTAT:ISOC_EC_IBUY(1.0),25/05/21 11:00:00,A,I_BFURN,IND_TOTAL,PC_IND_BLT12,CY,2005,7,
ESTAT:ISOC_EC_IBUY(1.0),25/05/21 11:00:00,A,I_BFURN,IND_TOTAL,PC_IND_BLT12,CY,2006,6,
ESTAT:ISOC_EC_IBUY(1.0),25/05/21 11:00:00,A,I_BFURN,IND_TOTAL,PC_IND_BLT12,CY,2007,6,
ESTAT:ISOC_EC_IBUY(1.0),25/05/21 11:00:00,A,I_BFURN,IND_TOTAL,PC_IND_BLT12,CY,2008,11,
ESTAT:ISOC_EC_IBUY(1.0),25/05/21 11:00:00,A,I_BFURN,IND_TOTAL,PC_IND_BLT12,CY,2009,6,
ESTAT:ISOC_EC_IBUY(1.0),25/05/21 11:00:00,A,I_BFURN,IND_TOTAL,PC_IND_BLT12,CY,2010,5,
ESTAT:ISOC_EC_IBUY(1.0),25/05/21 11:00:00,A,I_BFURN,IND_TOTAL,PC_IND_BLT12,CY,2011,7,
ESTAT:ISOC_EC_IBUY(1.0),25/05/21 11:00:00,A,I_BFURN,IND_TOTAL,PC_IND_BLT12,CY,2012,9,
ESTAT:ISOC_EC_IBUY(1.0),25/05/21 11:00:00,A,I_BFURN,IND_TOTAL,PC_IND_BLT12,CY,2013,12,
ESTAT:ISOC_EC_IBUY(1.0),25/05/21 11:00:00,A,I_BFURN,IND_TOTAL,PC_IND_BLT12,CY,2014,11,
ESTAT:ISOC_EC_IBUY(1.0),25/05/21 11:00:00,A,I_BFURN,IND_TOTAL,PC_IND_BLT12,CY,2015,11,
ESTAT:ISOC_EC_IBUY(1.0),25/05/21 11:00:00,A,I_BFURN,IND_TOTAL,PC_IND_BLT12,CY,2016,12,
ESTAT:ISOC_EC_IBUY(1.0),25/05/21 11:00:00,A,I_BFURN,IND_TOTAL,PC_IND_BLT12,CY,2017,14,
ESTAT:ISOC_EC_IBUY(1.0),25/05/21 11:00:00,A,I_BFURN,IND_TOTAL,PC_IND_BLT12,CY,2018,11,
ESTAT:ISOC_EC_IBUY(1.0),25/05/21 11:00:00,A,I_BFURN,IND_TOTAL,PC_IND_BLT12,CY,2019,17,
ESTAT:ISOC_EC_IBUY(1.0),25/05/21 11:00:00,A,I_BFURN,IND_TOTAL,PC_IND_BLT12,CZ,2006,20,
ESTAT:ISOC_EC_IBUY(1.0),25/05/21 11:00:00,A,I_BFURN,IND_TOTAL,PC_IND_BLT12,CZ,2007,38,
ESTAT:ISOC_EC_IBUY(1.0),25/05/21 11:00:00,A,I_BFURN,IND_TOTAL,PC_IND_BLT12,CZ,2008,22,
ESTAT:ISOC_EC_IBUY(1.0),25/05/21 11:00:00,A,I_BFURN,IND_TOTAL,PC_IND_BLT12,CZ,2009,25,
ESTAT:ISOC_EC_IBUY(1.0),25/05/21 11:00:00,A,I_BFURN,IND_TOTAL,PC_IND_BLT12,CZ,2010,20,
ESTAT:ISOC_EC_IBUY(1.0),25/05/21 11:00:00,A,I_BFURN,IND_TOTAL,PC_IND_BLT12,CZ,2011,20,
ESTAT:ISOC_EC_IBUY(1.0),25/05/21 11:00:00,A,I_BFURN,IND_TOTAL,PC_IND_BLT12,CZ,2012,7,
ESTAT:ISOC_EC_IBUY(1.0),25/05/21 11:00:00,A,I_BFURN,IND_TOTAL,PC_IND_BLT12,CZ,2013,9,
ESTAT:ISOC_EC_IBUY(1.0),25/05/21 11:00:00,A,I_BFURN,IND_TOTAL,PC_IND_BLT12,CZ,2014,12,
ESTAT:ISOC_EC_IBUY(1.0),25/05/21 11:00:00,A,I_BFURN,IND_TOTAL,PC_IND_BLT12,CZ,2015,13,
ESTAT:ISOC_EC_IBUY(1.0),25/05/21 11:00:00,A,I_BFURN,IND_TOTAL,PC_IND_BLT12,CZ,2016,41,b
ESTAT:ISOC_EC_IBUY(1.0),25/05/21 11:00:00,A,I_BFURN,IND_TOTAL,PC_IND_BLT12,CZ,2017,38,
ESTAT:ISOC_EC_IBUY(1.0),25/05/21 11:00:00,A,I_BFURN,IND_TOTAL,PC_IND_BLT12,CZ,2018,35,
ESTAT:ISOC_EC_IBUY(1.0),25/05/21 11:00:00,A,I_BFURN,IND_TOTAL,PC_IND_BLT12,CZ,2019,49,b
ESTAT:ISOC_EC_IBUY(1.0),25/05/21 11:00:00,A,I_BFURN,IND_TOTAL,PC_IND_BLT12,DE,2005,26,
ESTAT:ISOC_EC_IBUY(1.0),25/05/21 11:00:00,A,I_BFURN,IND_TOTAL,PC_IND_BLT12,DE,2006,49,
ESTAT:ISOC_EC_IBUY(1.0),25/05/21 11:00:00,A,I_BFURN,IND_TOTAL,PC_IND_BLT12,DE,2007,47,
ESTAT:ISOC_EC_IBUY(1.0),25/05/21 11:00:00,A,I_BFURN,IND_TOTAL,PC_IND_BLT12,DE,2008,48,
ESTAT:ISOC_EC_IBUY(1.0),25/05/21 11:00:00,A,I_BFURN,IND_TOTAL,PC_IND_BLT12,DE,2009,48,
ESTAT:ISOC_EC_IBUY(1.0),25/05/21 11:00:00,A,I_BFURN,IND_TOTAL,PC_IND_BLT12,DE,2010,42,
ESTAT:ISOC_EC_IBUY(1.0),25/05/21 11:00:00,A,I_BFURN,IND_TOTAL,PC_IND_BLT12,DE,2011,46,
ESTAT:ISOC_EC_IBUY(1.0),25/05/21 11:00:00,A,I_BFURN,IND_TOTAL,PC_IND_BLT12,DE,2012,50,
ESTAT:ISOC_EC_IBUY(1.0),25/05/21 11:00:00,A,I_BFURN,IND_TOTAL,PC_IND_BLT12,DE,2013,51,
ESTAT:ISOC_EC_IBUY(1.0),25/05/21 11:00:00,A,I_BFURN,IND_TOTAL,PC_IND_BLT12,DE,2014,52,
ESTAT:ISOC_EC_IBUY(1.0),25/05/21 11:00:00,A,I_BFURN,IND_TOTAL,PC_IND_BLT12,DE,2015,49,
ESTAT:ISOC_EC_IBUY(1.0),25/05/21 11:00:00,A,I_BFURN,IND_TOTAL,PC_IND_BLT12,DE,2016,53,
ESTAT:ISOC_EC_IBUY(1.0),25/05/21 11:00:00,A,I_BFURN,IND_TOTAL,PC_IND_BLT12,DE,2017,54,
ESTAT:ISOC_EC_IBUY(1.0),25/05/21 11:00:00,A,I_BFURN,IND_TOTAL,PC_IND_BLT12,DE,2018,53,
ESTAT:ISOC_EC_IBUY(1.0),25/05/21 11:00:00,A,I_BFURN,IND_TOTAL,PC_IND_BLT12,DE,2019,54,
ESTAT:ISOC_EC_IBUY(1.0),25/05/21 11:00:00,A,I_BFURN,IND_TOTAL,PC_IND_BLT12,DK,2005,9,
ESTAT:ISOC_EC_IBUY(1.0),25/05/21 11:00:00,A,I_BFURN,IND_TOTAL,PC_IND_BLT12,DK,2006,13,
ESTAT:ISOC_EC_IBUY(1.0),25/05/21 11:00:00,A,I_BFURN,IND_TOTAL,PC_IND_BLT12,DK,2007,15,
ESTAT:ISOC_EC_IBUY(1.0),25/05/21 11:00:00,A,I_BFURN,IND_TOTAL,PC_IND_BLT12,DK,2008,18,
ESTAT:ISOC_EC_IBUY(1.0),25/05/21 11:00:00,A,I_BFURN,IND_TOTAL,PC_IND_BLT12,DK,2009,21,
ESTAT:ISOC_EC_IBUY(1.0),25/05/21 11:00:00,A,I_BFURN,IND_TOTAL,PC_IND_BLT12,DK,2010,27,
ESTAT:ISOC_EC_IBUY(1.0),25/05/21 11:00:00,A,I_BFURN,IND_TOTAL,PC_IND_BLT12,DK,2011,44,
ESTAT:ISOC_EC_IBUY(1.0),25/05/21 11:00:00,A,I_BFURN,IND_TOTAL,PC_IND_BLT12,DK,2012,42,
ESTAT:ISOC_EC_IBUY(1.0),25/05/21 11:00:00,A,I_BFURN,IND_TOTAL,PC_IND_BLT12,DK,2013,42,
ESTAT:ISOC_EC_IBUY(1.0),25/05/21 11:00:00,A,I_BFURN,IND_TOTAL,PC_IND_BLT12,DK,2014,40,
ESTAT:ISOC_EC_IBUY(1.0),25/05/21 11:00:00,A,I_BFURN,IND_TOTAL,PC_IND_BLT12,DK,2015,42,
ESTAT:ISOC_EC_IBUY(1.0),25/05/21 11:00:00,A,I_BFURN,IND_TOTAL,PC_IND_BLT12,DK,2016,50,
ESTAT:ISOC_EC_IBUY(1.0),25/05/21 11:00:00,A,I_BFURN,IND_TOTAL,PC_IND_BLT12,DK,2017,50,
ESTAT:ISOC_EC_IBUY(1.0),25/05/21 11:00:00,A,I_BFURN,IND_TOTAL,PC_IND_BLT12,DK,2018,48,
ESTAT:ISOC_EC_IBUY(1.0),25/05/21 11:00:00,A,I_BFURN,IND_TOTAL,PC_IND_BLT12,DK,2019,59,
ESTAT:ISOC_EC_IBUY(1.0),25/05/21 11:00:00,A,I_BFURN,IND_TOTAL,PC_IND_BLT12,EE,2005,,u
ESTAT:ISOC_EC_IBUY(1.0),25/05/21 11:00:00,A,I_BFURN,IND_TOTAL,PC_IND_BLT12,EE,2006,27,
ESTAT:ISOC_EC_IBUY(1.0),25/05/21 11:00:00,A,I_BFURN,IND_TOTAL,PC_IND_BLT12,EE,2007,25,
ESTAT:ISOC_EC_IBUY(1.0),25/05/21 11:00:00,A,I_BFURN,IND_TOTAL,PC_IND_BLT12,EE,2008,19,
ESTAT:ISOC_EC_IBUY(1.0),25/05/21 11:00:00,A,I_BFURN,IND_TOTAL,PC_IND_BLT12,EE,2009,23,
ESTAT:ISOC_EC_IBUY(1.0),25/05/21 11:00:00,A,I_BFURN,IND_TOTAL,PC_IND_BLT12,EE,2010,20,
ESTAT:ISOC_EC_IBUY(1.0),25/05/21 11:00:00,A,I_BFURN,IND_TOTAL,PC_IND_BLT12,EE,2011,23,
ESTAT:ISOC_EC_IBUY(1.0),25/05/21 11:00:00,A,I_BFURN,IND_TOTAL,PC_IND_BLT12,EE,2012,19,
ESTAT:ISOC_EC_IBUY(1.0),25/05/21 11:00:00,A,I_BFURN,IND_TOTAL,PC_IND_BLT12,EE,2013,18,
ESTAT:ISOC_EC_IBUY(1.0),25/05/21 11:00:00,A,I_BFURN,IND_TOTAL,PC_IND_BLT12,EE,2014,30,b
ESTAT:ISOC_EC_IBUY(1.0),25/05/21 11:00:00,A,I_BFURN,IND_TOTAL,PC_IND_BLT12,EE,2015,37,
ESTAT:ISOC_EC_IBUY(1.0),25/05/21 11:00:00,A,I_BFURN,IND_TOTAL,PC_IND_BLT12,EE,2016,40,
ESTAT:ISOC_EC_IBUY(1.0),25/05/21 11:00:00,A,I_BFURN,IND_TOTAL,PC_IND_BLT12,EE,2017,43,
ESTAT:ISOC_EC_IBUY(1.0),25/05/21 11:00:00,A,I_BFURN,IND_TOTAL,PC_IND_BLT12,EE,2018,47,
ESTAT:ISOC_EC_IBUY(1.0),25/05/21 11:00:00,A,I_BFURN,IND_TOTAL,PC_IND_BLT12,EE,2019,46,
ESTAT:ISOC_EC_IBUY(1.0),25/05/21 11:00:00,A,I_BFURN,IND_TOTAL,PC_IND_BLT12,EL,2005,11,
ESTAT:ISOC_EC_IBUY(1.0),25/05/21 11:00:00,A,I_BFURN,IND_TOTAL,PC_IND_BLT12,EL,2006,3,
ESTAT:ISOC_EC_IBUY(1.0),25/05/21 11:00:00,A,I_BFURN,IND_TOTAL,PC_IND_BLT12,EL,2007,10,
ESTAT:ISOC_EC_IBUY(1.0),25/05/21 11:00:00,A,I_BFURN,IND_TOTAL,PC_IND_BLT12,EL,2008,12,
ESTAT:ISOC_EC_IBUY(1.0),25/05/21 11:00:00,A,I_BFURN,IND_TOTAL,PC_IND_BLT12,EL,2009,12,
ESTAT:ISOC_EC_IBUY(1.0),25/05/21 11:00:00,A,I_BFURN,IND_TOTAL,PC_IND_BLT12,EL,2010,15,
ESTAT:ISOC_EC_IBUY(1.0),25/05/21 11:00:00,A,I_BFURN,IND_TOTAL,PC_IND_BLT12,EL,2011,20,
ESTAT:ISOC_EC_IBUY(1.0),25/05/21 11:00:00,A,I_BFURN,IND_TOTAL,PC_IND_BLT12,EL,2012,19,
ESTAT:ISOC_EC_IBUY(1.0),25/05/21 11:00:00,A,I_BFURN,IND_TOTAL,PC_IND_BLT12,EL,2013,21,
ESTAT:ISOC_EC_IBUY(1.0),25/05/21 11:00:00,A,I_BFURN,IND_TOTAL,PC_IND_BLT12,EL,2014,18,
ESTAT:ISOC_EC_IBUY(1.0),25/05/21 11:00:00,A,I_BFURN,IND_TOTAL,PC_IND_BLT12,EL,2015,17,
ESTAT:ISOC_EC_IBUY(1.0),25/05/21 11:00:00,A,I_BFURN,IND_TOTAL,PC_IND_BLT12,EL,2016,18,
ESTAT:ISOC_EC_IBUY(1.0),25/05/21 11:00:00,A,I_BFURN,IND_TOTAL,PC_IND_BLT12,EL,2017,21,
ESTAT:ISOC_EC_IBUY(1.0),25/05/21 11:00:00,A,I_BFURN,IND_TOTAL,PC_IND_BLT12,EL,2018,21,
ESTAT:ISOC_EC_IBUY(1.0),25/05/21 11:00:00,A,I_BFURN,IND_TOTAL,PC_IND_BLT12,EL,2019,23,
ESTAT:ISOC_EC_IBUY(1.0),25/05/21 11:00:00,A,I_BFURN,IND_TOTAL,PC_IND_BLT12,ES,2007,13,
ESTAT:ISOC_EC_IBUY(1.0),25/05/21 11:00:00,A,I_BFURN,IND_TOTAL,PC_IND_BLT12,ES,2008,13,
ESTAT:ISOC_EC_IBUY(1.0),25/05/21 11:00:00,A,I_BFURN,IND_TOTAL,PC_IND_BLT12,ES,2009,18,
ESTAT:ISOC_EC_IBUY(1.0),25/05/21 11:00:00,A,I_BFURN,IND_TOTAL,PC_IND_BLT12,ES,2010,19,
ESTAT:ISOC_EC_IBUY(1.0),25/05/21 11:00:00,A,I_BFURN,IND_TOTAL,PC_IND_BLT12,ES,2011,18,
ESTAT:ISOC_EC_IBUY(1.0),25/05/21 11:00:00,A,I_BFURN,IND_TOTAL,PC_IND_BLT12,ES,2012,22,
ESTAT:ISOC_EC_IBUY(1.0),25/05/21 11:00:00,A,I_BFURN,IND_TOTAL,PC_IND_BLT12,ES,2013,24,
ESTAT:ISOC_EC_IBUY(1.0),25/05/21 11:00:00,A,I_BFURN,IND_TOTAL,PC_IND_BLT12,ES,2014,26,
ESTAT:ISOC_EC_IBUY(1.0),25/05/21 11:00:00,A,I_BFURN,IND_TOTAL,PC_IND_BLT12,ES,2015,29,
ESTAT:ISOC_EC_IBUY(1.0),25/05/21 11:00:00,A,I_BFURN,IND_TOTAL,PC_IND_BLT12,ES,2016,32,
ESTAT:ISOC_EC_IBUY(1.0),25/05/21 11:00:00,A,I_BFURN,IND_TOTAL,PC_IND_BLT12,ES,2017,37,
ESTAT:ISOC_EC_IBUY(1.0),25/05/21 11:00:00,A,I_BFURN,IND_TOTAL,PC_IND_BLT12,ES,2018,40,
ESTAT:ISOC_EC_IBUY(1.0),25/05/21 11:00:00,A,I_BFURN,IND_TOTAL,PC_IND_BLT12,ES,2019,42,
ESTAT:ISOC_EC_IBUY(1.0),25/05/21 11:00:00,A,I_BFURN,IND_TOTAL,PC_IND_BLT12,FI,2005,12,
ESTAT:ISOC_EC_IBUY(1.0),25/05/21 11:00:00,A,I_BFURN,IND_TOTAL,PC_IND_BLT12,FI,2006,13,
ESTAT:ISOC_EC_IBUY(1.0),25/05/21 11:00:00,A,I_BFURN,IND_TOTAL,PC_IND_BLT12,FI,2007,22,
ESTAT:ISOC_EC_IBUY(1.0),25/05/21 11:00:00,A,I_BFURN,IND_TOTAL,PC_IND_BLT12,FI,2008,28,
ESTAT:ISOC_EC_IBUY(1.0),25/05/21 11:00:00,A,I_BFURN,IND_TOTAL,PC_IND_BLT12,FI,2009,27,
ESTAT:ISOC_EC_IBUY(1.0),25/05/21 11:00:00,A,I_BFURN,IND_TOTAL,PC_IND_BLT12,FI,2010,26,
ESTAT:ISOC_EC_IBUY(1.0),25/05/21 11:00:00,A,I_BFURN,IND_TOTAL,PC_IND_BLT12,FI,2011,29,
ESTAT:ISOC_EC_IBUY(1.0),25/05/21 11:00:00,A,I_BFURN,IND_TOTAL,PC_IND_BLT12,FI,2012,27,
ESTAT:ISOC_EC_IBUY(1.0),25/05/21 11:00:00,A,I_BFURN,IND_TOTAL,PC_IND_BLT12,FI,2013,25,
ESTAT:ISOC_EC_IBUY(1.0),25/05/21 11:00:00,A,I_BFURN,IND_TOTAL,PC_IND_BLT12,FI,2014,29,
ESTAT:ISOC_EC_IBUY(1.0),25/05/21 11:00:00,A,I_BFURN,IND_TOTAL,PC_IND_BLT12,FI,2015,31,
ESTAT:ISOC_EC_IBUY(1.0),25/05/21 11:00:00,A,I_BFURN,IND_TOTAL,PC_IND_BLT12,FI,2016,26,
ESTAT:ISOC_EC_IBUY(1.0),25/05/21 11:00:00,A,I_BFURN,IND_TOTAL,PC_IND_BLT12,FI,2017,26,
ESTAT:ISOC_EC_IBUY(1.0),25/05/21 11:00:00,A,I_BFURN,IND_TOTAL,PC_IND_BLT12,FI,2018,24,
ESTAT:ISOC_EC_IBUY(1.0),25/05/21 11:00:00,A,I_BFURN,IND_TOTAL,PC_IND_BLT12,FI,2019,24,
ESTAT:ISOC_EC_IBUY(1.0),25/05/21 11:00:00,A,I_BFURN,IND_TOTAL,PC_IND_BLT12,FR,2006,27,
ESTAT:ISOC_EC_IBUY(1.0),25/05/21 11:00:00,A,I_BFURN,IND_TOTAL,PC_IND_BLT12,FR,2007,39,
ESTAT:ISOC_EC_IBUY(1.0),25/05/21 11:00:00,A,I_BFURN,IND_TOTAL,PC_IND_BLT12,FR,2008,40,
ESTAT:ISOC_EC_IBUY(1.0),25/05/21 11:00:00,A,I_BFURN,IND_TOTAL,PC_IND_BLT12,FR,2009,39,
ESTAT:ISOC_EC_IBUY(1.0),25/05/21 11:00:00,A,I_BFURN,IND_TOTAL,PC_IND_BLT12,FR,2010,41,
ESTAT:ISOC_EC_IBUY(1.0),25/05/21 11:00:00,A,I_BFURN,IND_TOTAL,PC_IND_BLT12,FR,2011,43,
ESTAT:ISOC_EC_IBUY(1.0),25/05/21 11:00:00,A,I_BFURN,IND_TOTAL,PC_IND_BLT12,FR,2012,29,
ESTAT:ISOC_EC_IBUY(1.0),25/05/21 11:00:00,A,I_BFURN,IND_TOTAL,PC_IND_BLT12,FR,2013,34,
ESTAT:ISOC_EC_IBUY(1.0),25/05/21 11:00:00,A,I_BFURN,IND_TOTAL,PC_IND_BLT12,FR,2014,37,
ESTAT:ISOC_EC_IBUY(1.0),25/05/21 11:00:00,A,I_BFURN,IND_TOTAL,PC_IND_BLT12,FR,2015,35,
ESTAT:ISOC_EC_IBUY(1.0),25/05/21 11:00:00,A,I_BFURN,IND_TOTAL,PC_IND_BLT12,FR,2016,37,
ESTAT:ISOC_EC_IBUY(1.0),25/05/21 11:00:00,A,I_BFURN,IND_TOTAL,PC_IND_BLT12,FR,2017,40,
ESTAT:ISOC_EC_IBUY(1.0),25/05/21 11:00:00,A,I_BFURN,IND_TOTAL,PC_IND_BLT12,FR,2018,40,
ESTAT:ISOC_EC_IBUY(1.0),25/05/21 11:00:00,A,I_BFURN,IND_TOTAL,PC_IND_BLT12,FR,2019,40,
ESTAT:ISOC_EC_IBUY(1.0),25/05/21 11:00:00,A,I_BFURN,IND_TOTAL,PC_IND_BLT12,HR,2007,11,
ESTAT:ISOC_EC_IBUY(1.0),25/05/21 11:00:00,A,I_BFURN,IND_TOTAL,PC_IND_BLT12,HR,2008,11,
ESTAT:ISOC_EC_IBUY(1.0),25/05/21 11:00:00,A,I_BFURN,IND_TOTAL,PC_IND_BLT12,HR,2009,12,
ESTAT:ISOC_EC_IBUY(1.0),25/05/21 11:00:00,A,I_BFURN,IND_TOTAL,PC_IND_BLT12,HR,2010,18,
ESTAT:ISOC_EC_IBUY(1.0),25/05/21 11:00:00,A,I_BFURN,IND_TOTAL,PC_IND_BLT12,HR,2011,20,
ESTAT:ISOC_EC_IBUY(1.0),25/05/21 11:00:00,A,I_BFURN,IND_TOTAL,PC_IND_BLT12,HR,2012,24,
ESTAT:ISOC_EC_IBUY(1.0),25/05/21 11:00:00,A,I_BFURN,IND_TOTAL,PC_IND_BLT12,HR,2013,26,
ESTAT:ISOC_EC_IBUY(1.0),25/05/21 11:00:00,A,I_BFURN,IND_TOTAL,PC_IND_BLT12,HR,2014,24,
ESTAT:ISOC_EC_IBUY(1.0),25/05/21 11:00:00,A,I_BFURN,IND_TOTAL,PC_IND_BLT12,HR,2015,21,
ESTAT:ISOC_EC_IBUY(1.0),25/05/21 11:00:00,A,I_BFURN,IND_TOTAL,PC_IND_BLT12,HR,2016,34,
ESTAT:ISOC_EC_IBUY(1.0),25/05/21 11:00:00,A,I_BFURN,IND_TOTAL,PC_IND_BLT12,HR,2017,27,
ESTAT:ISOC_EC_IBUY(1.0),25/05/21 11:00:00,A,I_BFURN,IND_TOTAL,PC_IND_BLT12,HR,2018,33,
ESTAT:ISOC_EC_IBUY(1.0),25/05/21 11:00:00,A,I_BFURN,IND_TOTAL,PC_IND_BLT12,HR,2019,37,
ESTAT:ISOC_EC_IBUY(1.0),25/05/21 11:00:00,A,I_BFURN,IND_TOTAL,PC_IND_BLT12,HU,2005,9,
ESTAT:ISOC_EC_IBUY(1.0),25/05/21 11:00:00,A,I_BFURN,IND_TOTAL,PC_IND_BLT12,HU,2006,11,
ESTAT:ISOC_EC_IBUY(1.0),25/05/21 11:00:00,A,I_BFURN,IND_TOTAL,PC_IND_BLT12,HU,2007,10,
ESTAT:ISOC_EC_IBUY(1.0),25/05/21 11:00:00,A,I_BFURN,IND_TOTAL,PC_IND_BLT12,HU,2008,12,
ESTAT:ISOC_EC_IBUY(1.0),25/05/21 11:00:00,A,I_BFURN,IND_TOTAL,PC_IND_BLT12,HU,2009,15,
ESTAT:ISOC_EC_IBUY(1.0),25/05/21 11:00:00,A,I_BFURN,IND_TOTAL,PC_IND_BLT12,HU,2010,22,
ESTAT:ISOC_EC_IBUY(1.0),25/05/21 11:00:00,A,I_BFURN,IND_TOTAL,PC_IND_BLT12,HU,2011,23,
ESTAT:ISOC_EC_IBUY(1.0),25/05/21 11:00:00,A,I_BFURN,IND_TOTAL,PC_IND_BLT12,HU,2012,27,
ESTAT:ISOC_EC_IBUY(1.0),25/05/21 11:00:00,A,I_BFURN,IND_TOTAL,PC_IND_BLT12,HU,2013,28,
ESTAT:ISOC_EC_IBUY(1.0),25/05/21 11:00:00,A,I_BFURN,IND_TOTAL,PC_IND_BLT12,HU,2014,30,
ESTAT:ISOC_EC_IBUY(1.0),25/05/21 11:00:00,A,I_BFURN,IND_TOTAL,PC_IND_BLT12,HU,2015,26,
ESTAT:ISOC_EC_IBUY(1.0),25/05/21 11:00:00,A,I_BFURN,IND_TOTAL,PC_IND_BLT12,HU,2016,26,
ESTAT:ISOC_EC_IBUY(1.0),25/05/21 11:00:00,A,I_BFURN,IND_TOTAL,PC_IND_BLT12,HU,2017,30,
ESTAT:ISOC_EC_IBUY(1.0),25/05/21 11:00:00,A,I_BFURN,IND_TOTAL,PC_IND_BLT12,HU,2018,33,
ESTAT:ISOC_EC_IBUY(1.0),25/05/21 11:00:00,A,I_BFURN,IND_TOTAL,PC_IND_BLT12,HU,2019,34,
ESTAT:ISOC_EC_IBUY(1.0),25/05/21 11:00:00,A,I_BFURN,IND_TOTAL,PC_IND_BLT12,IE,2005,7,
ESTAT:ISOC_EC_IBUY(1.0),25/05/21 11:00:00,A,I_BFURN,IND_TOTAL,PC_IND_BLT12,IE,2006,8,
ESTAT:ISOC_EC_IBUY(1.0),25/05/21 11:00:00,A,I_BFURN,IND_TOTAL,PC_IND_BLT12,IE,2007,8,
ESTAT:ISOC_EC_IBUY(1.0),25/05/21 11:00:00,A,I_BFURN,IND_TOTAL,PC_IND_BLT12,IE,2008,10,
ESTAT:ISOC_EC_IBUY(1.0),25/05/21 11:00:00,A,I_BFURN,IND_TOTAL,PC_IND_BLT12,IE,2009,14,
ESTAT:ISOC_EC_IBUY(1.0),25/05/21 11:00:00,A,I_BFURN,IND_TOTAL,PC_IND_BLT12,IE,2010,16,
ESTAT:ISOC_EC_IBUY(1.0),25/05/21 11:00:00,A,I_BFURN,IND_TOTAL,PC_IND_BLT12,IE,2011,19,
ESTAT:ISOC_EC_IBUY(1.0),25/05/21 11:00:00,A,I_BFURN,IND_TOTAL,PC_IND_BLT12,IE,2012,22,
ESTAT:ISOC_EC_IBUY(1.0),25/05/21 11:00:00,A,I_BFURN,IND_TOTAL,PC_IND_BLT12,IE,2013,23,
ESTAT:ISOC_EC_IBUY(1.0),25/05/21 11:00:00,A,I_BFURN,IND_TOTAL,PC_IND_BLT12,IE,2014,26,
ESTAT:ISOC_EC_IBUY(1.0),25/05/21 11:00:00,A,I_BFURN,IND_TOTAL,PC_IND_BLT12,IE,2015,27,
ESTAT:ISOC_EC_IBUY(1.0),25/05/21 11:00:00,A,I_BFURN,IND_TOTAL,PC_IND_BLT12,IE,2016,27,
ESTAT:ISOC_EC_IBUY(1.0),25/05/21 11:00:00,A,I_BFURN,IND_TOTAL,PC_IND_BLT12,IE,2017,34,
ESTAT:ISOC_EC_IBUY(1.0),25/05/21 11:00:00,A,I_BFURN,IND_TOTAL,PC_IND_BLT12,IE,2018,38,
ESTAT:ISOC_EC_IBUY(1.0),25/05/21 11:00:00,A,I_BFURN,IND_TOTAL,PC_IND_BLT12,IE,2019,38,
ESTAT:ISOC_EC_IBUY(1.0),25/05/21 11:00:00,A,I_BFURN,IND_TOTAL,PC_IND_BLT12,IS,2005,20,
ESTAT:ISOC_EC_IBUY(1.0),25/05/21 11:00:00,A,I_BFURN,IND_TOTAL,PC_IND_BLT12,IS,2006,21,
ESTAT:ISOC_EC_IBUY(1.0),25/05/21 11:00:00,A,I_BFURN,IND_TOTAL,PC_IND_BLT12,IS,2007,15,
ESTAT:ISOC_EC_IBUY(1.0),25/05/21 11:00:00,A,I_BFURN,IND_TOTAL,PC_IND_BLT12,IS,2008,24,
ESTAT:ISOC_EC_IBUY(1.0),25/05/21 11:00:00,A,I_BFURN,IND_TOTAL,PC_IND_BLT12,IS,2009,27,
ESTAT:ISOC_EC_IBUY(1.0),25/05/21 11:00:00,A,I_BFURN,IND_TOTAL,PC_IND_BLT12,IS,2010,24,
ESTAT:ISOC_EC_IBUY(1.0),25/05/21 11:00:00,A,I_BFURN,IND_TOTAL,PC_IND_BLT12,IS,2011,17,
ESTAT:ISOC_EC_IBUY(1.0),25/05/21 11:00:00,A,I_BFURN,IND_TOTAL,PC_IND_BLT12,IS,2012,34,
ESTAT:ISOC_EC_IBUY(1.0),25/05/21 11:00:00,A,I_BFURN,IND_TOTAL,PC_IND_BLT12,IS,2013,28,
ESTAT:ISOC_EC_IBUY(1.0),25/05/21 11:00:00,A,I_BFURN,IND_TOTAL,PC_IND_BLT12,IS,2014,30,
ESTAT:ISOC_EC_IBUY(1.0),25/05/21 11:00:00,A,I_BFURN,IND_TOTAL,PC_IND_BLT12,IS,2017,36,
ESTAT:ISOC_EC_IBUY(1.0),25/05/21 11:00:00,A,I_BFURN,IND_TOTAL,PC_IND_BLT12,IS,2018,37,
ESTAT:ISOC_EC_IBUY(1.0),25/05/21 11:00:00,A,I_BFURN,IND_TOTAL,PC_IND_BLT12,IS,2019,33,
ESTAT:ISOC_EC_IBUY(1.0),25/05/21 11:00:00,A,I_BFURN,IND_TOTAL,PC_IND_BLT12,IT,2005,8,
ESTAT:ISOC_EC_IBUY(1.0),25/05/21 11:00:00,A,I_BFURN,IND_TOTAL,PC_IND_BLT12,IT,2006,10,
ESTAT:ISOC_EC_IBUY(1.0),25/05/21 11:00:00,A,I_BFURN,IND_TOTAL,PC_IND_BLT12,IT,2007,12,
ESTAT:ISOC_EC_IBUY(1.0),25/05/21 11:00:00,A,I_BFURN,IND_TOTAL,PC_IND_BLT12,IT,2008,15,
ESTAT:ISOC_EC_IBUY(1.0),25/05/21 11:00:00,A,I_BFURN,IND_TOTAL,PC_IND_BLT12,IT,2009,15,
ESTAT:ISOC_EC_IBUY(1.0),25/05/21 11:00:00,A,I_BFURN,IND_TOTAL,PC_IND_BLT12,IT,2010,16,
ESTAT:ISOC_EC_IBUY(1.0),25/05/21 11:00:00,A,I_BFURN,IND_TOTAL,PC_IND_BLT12,IT,2011,19,
ESTAT:ISOC_EC_IBUY(1.0),25/05/21 11:00:00,A,I_BFURN,IND_TOTAL,PC_IND_BLT12,IT,2012,18,
ESTAT:ISOC_EC_IBUY(1.0),25/05/21 11:00:00,A,I_BFURN,IND_TOTAL,PC_IND_BLT12,IT,2013,20,
ESTAT:ISOC_EC_IBUY(1.0),25/05/21 11:00:00,A,I_BFURN,IND_TOTAL,PC_IND_BLT12,IT,2014,26,
ESTAT:ISOC_EC_IBUY(1.0),25/05/21 11:00:00,A,I_BFURN,IND_TOTAL,PC_IND_BLT12,IT,2015,26,
ESTAT:ISOC_EC_IBUY(1.0),25/05/21 11:00:00,A,I_BFURN,IND_TOTAL,PC_IND_BLT12,IT,2016,29,
ESTAT:ISOC_EC_IBUY(1.0),25/05/21 11:00:00,A,I_BFURN,IND_TOTAL,PC_IND_BLT12,IT,2017,36,
ESTAT:ISOC_EC_IBUY(1.0),25/05/21 11:00:00,A,I_BFURN,IND_TOTAL,PC_IND_BLT12,IT,2018,37,
ESTAT:ISOC_EC_IBUY(1.0),25/05/21 11:00:00,A,I_BFURN,IND_TOTAL,PC_IND_BLT12,IT,2019,39,
ESTAT:ISOC_EC_IBUY(1.0),25/05/21 11:00:00,A,I_BFURN,IND_TOTAL,PC_IND_BLT12,LT,2005,4,
ESTAT:ISOC_EC_IBUY(1.0),25/05/21 11:00:00,A,I_BFURN,IND_TOTAL,PC_IND_BLT12,LT,2006,9,
ESTAT:ISOC_EC_IBUY(1.0),25/05/21 11:00:00,A,I_BFURN,IND_TOTAL,PC_IND_BLT12,LT,2007,14,
ESTAT:ISOC_EC_IBUY(1.0),25/05/21 11:00:00,A,I_BFURN,IND_TOTAL,PC_IND_BLT12,LT,2008,16,
ESTAT:ISOC_EC_IBUY(1.0),25/05/21 11:00:00,A,I_BFURN,IND_TOTAL,PC_IND_BLT12,LT,2009,21,
ESTAT:ISOC_EC_IBUY(1.0),25/05/21 11:00:00,A,I_BFURN,IND_TOTAL,PC_IND_BLT12,LT,2010,20,
ESTAT:ISOC_EC_IBUY(1.0),25/05/21 11:00:00,A,I_BFURN,IND_TOTAL,PC_IND_BLT12,LT,2011,25,
ESTAT:ISOC_EC_IBUY(1.0),25/05/21 11:00:00,A,I_BFURN,IND_TOTAL,PC_IND_BLT12,LT,2012,27,
ESTAT:ISOC_EC_IBUY(1.0),25/05/21 11:00:00,A,I_BFURN,IND_TOTAL,PC_IND_BLT12,LT,2013,27,
ESTAT:ISOC_EC_IBUY(1.0),25/05/21 11:00:00,A,I_BFURN,IND_TOTAL,PC_IND_BLT12,LT,2014,33,
ESTAT:ISOC_EC_IBUY(1.0),25/05/21 11:00:00,A,I_BFURN,IND_TOTAL,PC_IND_BLT12,LT,2015,40,
ESTAT:ISOC_EC_IBUY(1.0),25/05/21 11:00:00,A,I_BFURN,IND_TOTAL,PC_IND_BLT12,LT,2016,43,
ESTAT:ISOC_EC_IBUY(1.0),25/05/21 11:00:00,A,I_BFURN,IND_TOTAL,PC_IND_BLT12,LT,2017,42,
ESTAT:ISOC_EC_IBUY(1.0),25/05/21 11:00:00,A,I_BFURN,IND_TOTAL,PC_IND_BLT12,LT,2018,42,
ESTAT:ISOC_EC_IBUY(1.0),25/05/21 11:00:00,A,I_BFURN,IND_TOTAL,PC_IND_BLT12,LT,2019,44,
ESTAT:ISOC_EC_IBUY(1.0),25/05/21 11:00:00,A,I_BFURN,IND_TOTAL,PC_IND_BLT12,LU,2005,20,
ESTAT:ISOC_EC_IBUY(1.0),25/05/21 11:00:00,A,I_BFURN,IND_TOTAL,PC_IND_BLT12,LU,2006,16,
ESTAT:ISOC_EC_IBUY(1.0),25/05/21 11:00:00,A,I_BFURN,IND_TOTAL,PC_IND_BLT12,LU,2007,17,
ESTAT:ISOC_EC_IBUY(1.0),25/05/21 11:00:00,A,I_BFURN,IND_TOTAL,PC_IND_BLT12,LU,2008,22,
ESTAT:ISOC_EC_IBUY(1.0),25/05/21 11:00:00,A,I_BFURN,IND_TOTAL,PC_IND_BLT12,LU,2009,22,
ESTAT:ISOC_EC_IBUY(1.0),25/05/21 11:00:00,A,I_BFURN,IND_TOTAL,PC_IND_BLT12,LU,2010,26,
ESTAT:ISOC_EC_IBUY(1.0),25/05/21 11:00:00,A,I_BFURN,IND_TOTAL,PC_IND_BLT12,LU,2011,25,
ESTAT:ISOC_EC_IBUY(1.0),25/05/21 11:00:00,A,I_BFURN,IND_TOTAL,PC_IND_BLT12,LU,2012,30,
ESTAT:ISOC_EC_IBUY(1.0),25/05/21 11:00:00,A,I_BFURN,IND_TOTAL,PC_IND_BLT12,LU,2013,31,
ESTAT:ISOC_EC_IBUY(1.0),25/05/21 11:00:00,A,I_BFURN,IND_TOTAL,PC_IND_BLT12,LU,2014,32,
ESTAT:ISOC_EC_IBUY(1.0),25/05/21 11:00:00,A,I_BFURN,IND_TOTAL,PC_IND_BLT12,LU,2015,37,
ESTAT:ISOC_EC_IBUY(1.0),25/05/21 11:00:00,A,I_BFURN,IND_TOTAL,PC_IND_BLT12,LU,2016,40,
ESTAT:ISOC_EC_IBUY(1.0),25/05/21 11:00:00,A,I_BFURN,IND_TOTAL,PC_IND_BLT12,LU,2017,44,
ESTAT:ISOC_EC_IBUY(1.0),25/05/21 11:00:00,A,I_BFURN,IND_TOTAL,PC_IND_BLT12,LU,2018,37,b
ESTAT:ISOC_EC_IBUY(1.0),25/05/21 11:00:00,A,I_BFURN,IND_TOTAL,PC_IND_BLT12,LU,2019,41,
ESTAT:ISOC_EC_IBUY(1.0),25/05/21 11:00:00,A,I_BFURN,IND_TOTAL,PC_IND_BLT12,LV,2005,16,
ESTAT:ISOC_EC_IBUY(1.0),25/05/21 11:00:00,A,I_BFURN,IND_TOTAL,PC_IND_BLT12,LV,2006,17,
ESTAT:ISOC_EC_IBUY(1.0),25/05/21 11:00:00,A,I_BFURN,IND_TOTAL,PC_IND_BLT12,LV,2007,19,
ESTAT:ISOC_EC_IBUY(1.0),25/05/21 11:00:00,A,I_BFURN,IND_TOTAL,PC_IND_BLT12,LV,2008,30,
ESTAT:ISOC_EC_IBUY(1.0),25/05/21 11:00:00,A,I_BFURN,IND_TOTAL,PC_IND_BLT12,LV,2009,30,
ESTAT:ISOC_EC_IBUY(1.0),25/05/21 11:00:00,A,I_BFURN,IND_TOTAL,PC_IND_BLT12,LV,2010,28,
ESTAT:ISOC_EC_IBUY(1.0),25/05/21 11:00:00,A,I_BFURN,IND_TOTAL,PC_IND_BLT12,LV,2011,29,
ESTAT:ISOC_EC_IBUY(1.0),25/05/21 11:00:00,A,I_BFURN,IND_TOTAL,PC_IND_BLT12,LV,2012,29,
ESTAT:ISOC_EC_IBUY(1.0),25/05/21 11:00:00,A,I_BFURN,IND_TOTAL,PC_IND_BLT12,LV,2013,31,
ESTAT:ISOC_EC_IBUY(1.0),25/05/21 11:00:00,A,I_BFURN,IND_TOTAL,PC_IND_BLT12,LV,2014,29,
ESTAT:ISOC_EC_IBUY(1.0),25/05/21 11:00:00,A,I_BFURN,IND_TOTAL,PC_IND_BLT12,LV,2015,32,
ESTAT:ISOC_EC_IBUY(1.0),25/05/21 11:00:00,A,I_BFURN,IND_TOTAL,PC_IND_BLT12,LV,2016,34,b
ESTAT:ISOC_EC_IBUY(1.0),25/05/21 11:00:00,A,I_BFURN,IND_TOTAL,PC_IND_BLT12,LV,2017,33,
ESTAT:ISOC_EC_IBUY(1.0),25/05/21 11:00:00,A,I_BFURN,IND_TOTAL,PC_IND_BLT12,LV,2018,37,
ESTAT:ISOC_EC_IBUY(1.0),25/05/21 11:00:00,A,I_BFURN,IND_TOTAL,PC_IND_BLT12,LV,2019,41,
ESTAT:ISOC_EC_IBUY(1.0),25/05/21 11:00:00,A,I_BFURN,IND_TOTAL,PC_IND_BLT12,MK,2006,8,
ESTAT:ISOC_EC_IBUY(1.0),25/05/21 11:00:00,A,I_BFURN,IND_TOTAL,PC_IND_BLT12,MK,2008,,u
ESTAT:ISOC_EC_IBUY(1.0),25/05/21 11:00:00,A,I_BFURN,IND_TOTAL,PC_IND_BLT12,MK,2009,11,
ESTAT:ISOC_EC_IBUY(1.0),25/05/21 11:00:00,A,I_BFURN,IND_TOTAL,PC_IND_BLT12,MK,2010,9,
ESTAT:ISOC_EC_IBUY(1.0),25/05/21 11:00:00,A,I_BFURN,IND_TOTAL,PC_IND_BLT12,MK,2012,18,
ESTAT:ISOC_EC_IBUY(1.0),25/05/21 11:00:00,A,I_BFURN,IND_TOTAL,PC_IND_BLT12,MK,2013,9,
ESTAT:ISOC_EC_IBUY(1.0),25/05/21 11:00:00,A,I_BFURN,IND_TOTAL,PC_IND_BLT12,MK,2014,7,
ESTAT:ISOC_EC_IBUY(1.0),25/05/21 11:00:00,A,I_BFURN,IND_TOTAL,PC_IND_BLT12,MK,2015,8,
ESTAT:ISOC_EC_IBUY(1.0),25/05/21 11:00:00,A,I_BFURN,IND_TOTAL,PC_IND_BLT12,MK,2016,13,
ESTAT:ISOC_EC_IBUY(1.0),25/05/21 11:00:00,A,I_BFURN,IND_TOTAL,PC_IND_BLT12,MK,2017,13,
ESTAT:ISOC_EC_IBUY(1.0),25/05/21 11:00:00,A,I_BFURN,IND_TOTAL,PC_IND_BLT12,MK,2018,18,
ESTAT:ISOC_EC_IBUY(1.0),25/05/21 11:00:00,A,I_BFURN,IND_TOTAL,PC_IND_BLT12,MK,2019,19,
ESTAT:ISOC_EC_IBUY(1.0),25/05/21 11:00:00,A,I_BFURN,IND_TOTAL,PC_IND_BLT12,MT,2005,7,
ESTAT:ISOC_EC_IBUY(1.0),25/05/21 11:00:00,A,I_BFURN,IND_TOTAL,PC_IND_BLT12,MT,2006,10,
ESTAT:ISOC_EC_IBUY(1.0),25/05/21 11:00:00,A,I_BFURN,IND_TOTAL,PC_IND_BLT12,MT,2007,8,
ESTAT:ISOC_EC_IBUY(1.0),25/05/21 11:00:00,A,I_BFURN,IND_TOTAL,PC_IND_BLT12,MT,2008,12,
ESTAT:ISOC_EC_IBUY(1.0),25/05/21 11:00:00,A,I_BFURN,IND_TOTAL,PC_IND_BLT12,MT,2009,16,
ESTAT:ISOC_EC_IBUY(1.0),25/05/21 11:00:00,A,I_BFURN,IND_TOTAL,PC_IND_BLT12,MT,2010,14,
ESTAT:ISOC_EC_IBUY(1.0),25/05/21 11:00:00,A,I_BFURN,IND_TOTAL,PC_IND_BLT12,MT,2011,19,
ESTAT:ISOC_EC_IBUY(1.0),25/05/21 11:00:00,A,I_BFURN,IND_TOTAL,PC_IND_BLT12,MT,2012,16,
ESTAT:ISOC_EC_IBUY(1.0),25/05/21 11:00:00,A,I_BFURN,IND_TOTAL,PC_IND_BLT12,MT,2013,17,
ESTAT:ISOC_EC_IBUY(1.0),25/05/21 11:00:00,A,I_BFURN,IND_TOTAL,PC_IND_BLT12,MT,2014,24,
ESTAT:ISOC_EC_IBUY(1.0),25/05/21 11:00:00,A,I_BFURN,IND_TOTAL,PC_IND_BLT12,MT,2015,27,
ESTAT:ISOC_EC_IBUY(1.0),25/05/21 11:00:00,A,I_BFURN,IND_TOTAL,PC_IND_BLT12,MT,2016,25,
ESTAT:ISOC_EC_IBUY(1.0),25/05/21 11:00:00,A,I_BFURN,IND_TOTAL,PC_IND_BLT12,MT,2017,34,
ESTAT:ISOC_EC_IBUY(1.0),25/05/21 11:00:00,A,I_BFURN,IND_TOTAL,PC_IND_BLT12,MT,2018,32,
ESTAT:ISOC_EC_IBUY(1.0),25/05/21 11:00:00,A,I_BFURN,IND_TOTAL,PC_IND_BLT12,MT,2019,32,
ESTAT:ISOC_EC_IBUY(1.0),25/05/21 11:00:00,A,I_BFURN,IND_TOTAL,PC_IND_BLT12,NL,2005,18,
ESTAT:ISOC_EC_IBUY(1.0),25/05/21 11:00:00,A,I_BFURN,IND_TOTAL,PC_IND_BLT12,NL,2006,20,
ESTAT:ISOC_EC_IBUY(1.0),25/05/21 11:00:00,A,I_BFURN,IND_TOTAL,PC_IND_BLT12,NL,2007,19,
ESTAT:ISOC_EC_IBUY(1.0),25/05/21 11:00:00,A,I_BFURN,IND_TOTAL,PC_IND_BLT12,NL,2008,21,
ESTAT:ISOC_EC_IBUY(1.0),25/05/21 11:00:00,A,I_BFURN,IND_TOTAL,PC_IND_BLT12,NL,2009,21,
ESTAT:ISOC_EC_IBUY(1.0),25/05/21 11:00:00,A,I_BFURN,IND_TOTAL,PC_IND_BLT12,NL,2010,25,
ESTAT:ISOC_EC_IBUY(1.0),25/05/21 11:00:00,A,I_BFURN,IND_TOTAL,PC_IND_BLT12,NL,2011,26,
ESTAT:ISOC_EC_IBUY(1.0),25/05/21 11:00:00,A,I_BFURN,IND_TOTAL,PC_IND_BLT12,NL,2012,28,
ESTAT:ISOC_EC_IBUY(1.0),25/05/21 11:00:00,A,I_BFURN,IND_TOTAL,PC_IND_BLT12,NL,2013,30,
ESTAT:ISOC_EC_IBUY(1.0),25/05/21 11:00:00,A,I_BFURN,IND_TOTAL,PC_IND_BLT12,NL,2014,37,
ESTAT:ISOC_EC_IBUY(1.0),25/05/21 11:00:00,A,I_BFURN,IND_TOTAL,PC_IND_BLT12,NL,2015,38,
ESTAT:ISOC_EC_IBUY(1.0),25/05/21 11:00:00,A,I_BFURN,IND_TOTAL,PC_IND_BLT12,NL,2016,44,
ESTAT:ISOC_EC_IBUY(1.0),25/05/21 11:00:00,A,I_BFURN,IND_TOTAL,PC_IND_BLT12,NL,2017,49,
ESTAT:ISOC_EC_IBUY(1.0),25/05/21 11:00:00,A,I_BFURN,IND_TOTAL,PC_IND_BLT12,NL,2018,53,
ESTAT:ISOC_EC_IBUY(1.0),25/05/21 11:00:00,A,I_BFURN,IND_TOTAL,PC_IND_BLT12,NL,2019,51,
ESTAT:ISOC_EC_IBUY(1.0),25/05/21 11:00:00,A,I_BFURN,IND_TOTAL,PC_IND_BLT12,NO,2005,12,
ESTAT:ISOC_EC_IBUY(1.0),25/05/21 11:00:00,A,I_BFURN,IND_TOTAL,PC_IND_BLT12,NO,2006,13,
ESTAT:ISOC_EC_IBUY(1.0),25/05/21 11:00:00,A,I_BFURN,IND_TOTAL,PC_IND_BLT12,NO,2007,19,
ESTAT:ISOC_EC_IBUY(1.0),25/05/21 11:00:00,A,I_BFURN,IND_TOTAL,PC_IND_BLT12,NO,2008,23,
ESTAT:ISOC_EC_IBUY(1.0),25/05/21 11:00:00,A,I_BFURN,IND_TOTAL,PC_IND_BLT12,NO,2009,24,
ESTAT:ISOC_EC_IBUY(1.0),25/05/21 11:00:00,A,I_BFURN,IND_TOTAL,PC_IND_BLT12,NO,2010,26,
ESTAT:ISOC_EC_IBUY(1.0),25/05/21 11:00:00,A,I_BFURN,IND_TOTAL,PC_IND_BLT12,NO,2011,28,
ESTAT:ISOC_EC_IBUY(1.0),25/05/21 11:00:00,A,I_BFURN,IND_TOTAL,PC_IND_BLT12,NO,2012,31,
ESTAT:ISOC_EC_IBUY(1.0),25/05/21 11:00:00,A,I_BFURN,IND_TOTAL,PC_IND_BLT12,NO,2013,35,
ESTAT:ISOC_EC_IBUY(1.0),25/05/21 11:00:00,A,I_BFURN,IND_TOTAL,PC_IND_BLT12,NO,2014,31,
ESTAT:ISOC_EC_IBUY(1.0),25/05/21 11:00:00,A,I_BFURN,IND_TOTAL,PC_IND_BLT12,NO,2015,33,
ESTAT:ISOC_EC_IBUY(1.0),25/05/21 11:00:00,A,I_BFURN,IND_TOTAL,PC_IND_BLT12,NO,2016,32,
ESTAT:ISOC_EC_IBUY(1.0),25/05/21 11:00:00,A,I_BFURN,IND_TOTAL,PC_IND_BLT12,NO,2017,38,
ESTAT:ISOC_EC_IBUY(1.0),25/05/21 11:00:00,A,I_BFURN,IND_TOTAL,PC_IND_BLT12,NO,2018,37,
ESTAT:ISOC_EC_IBUY(1.0),25/05/21 11:00:00,A,I_BFURN,IND_TOTAL,PC_IND_BLT12,NO,2019,38,
ESTAT:ISOC_EC_IBUY(1.0),25/05/21 11:00:00,A,I_BFURN,IND_TOTAL,PC_IND_BLT12,PL,2005,15,
ESTAT:ISOC_EC_IBUY(1.0),25/05/21 11:00:00,A,I_BFURN,IND_TOTAL,PC_IND_BLT12,PL,2006,22,
ESTAT:ISOC_EC_IBUY(1.0),25/05/21 11:00:00,A,I_BFURN,IND_TOTAL,PC_IND_BLT12,PL,2007,29,
ESTAT:ISOC_EC_IBUY(1.0),25/05/21 11:00:00,A,I_BFURN,IND_TOTAL,PC_IND_BLT12,PL,2008,34,
ESTAT:ISOC_EC_IBUY(1.0),25/05/21 11:00:00,A,I_BFURN,IND_TOTAL,PC_IND_BLT12,PL,2009,41,
ESTAT:ISOC_EC_IBUY(1.0),25/05/21 11:00:00,A,I_BFURN,IND_TOTAL,PC_IND_BLT12,PL,2010,43,
ESTAT:ISOC_EC_IBUY(1.0),25/05/21 11:00:00,A,I_BFURN,IND_TOTAL,PC_IND_BLT12,PL,2011,41,
ESTAT:ISOC_EC_IBUY(1.0),25/05/21 11:00:00,A,I_BFURN,IND_TOTAL,PC_IND_BLT12,PL,2012,45,
ESTAT:ISOC_EC_IBUY(1.0),25/05/21 11:00:00,A,I_BFURN,IND_TOTAL,PC_IND_BLT12,PL,2013,44,
ESTAT:ISOC_EC_IBUY(1.0),25/05/21 11:00:00,A,I_BFURN,IND_TOTAL,PC_IND_BLT12,PL,2014,42,
ESTAT:ISOC_EC_IBUY(1.0),25/05/21 11:00:00,A,I_BFURN,IND_TOTAL,PC_IND_BLT12,PL,2015,34,
ESTAT:ISOC_EC_IBUY(1.0),25/05/21 11:00:00,A,I_BFURN,IND_TOTAL,PC_IND_BLT12,PL,2016,39,
ESTAT:ISOC_EC_IBUY(1.0),25/05/21 11:00:00,A,I_BFURN,IND_TOTAL,PC_IND_BLT12,PL,2017,39,
ESTAT:ISOC_EC_IBUY(1.0),25/05/21 11:00:00,A,I_BFURN,IND_TOTAL,PC_IND_BLT12,PL,2018,41,
ESTAT:ISOC_EC_IBUY(1.0),25/05/21 11:00:00,A,I_BFURN,IND_TOTAL,PC_IND_BLT12,PL,2019,39,
ESTAT:ISOC_EC_IBUY(1.0),25/05/21 11:00:00,A,I_BFURN,IND_TOTAL,PC_IND_BLT12,PT,2005,,u
ESTAT:ISOC_EC_IBUY(1.0),25/05/21 11:00:00,A,I_BFURN,IND_TOTAL,PC_IND_BLT12,PT,2006,,u
ESTAT:ISOC_EC_IBUY(1.0),25/05/21 11:00:00,A,I_BFURN,IND_TOTAL,PC_IND_BLT12,PT,2007,9,
ESTAT:ISOC_EC_IBUY(1.0),25/05/21 11:00:00,A,I_BFURN,IND_TOTAL,PC_IND_BLT12,PT,2008,14,
ESTAT:ISOC_EC_IBUY(1.0),25/05/21 11:00:00,A,I_BFURN,IND_TOTAL,PC_IND_BLT12,PT,2009,13,
ESTAT:ISOC_EC_IBUY(1.0),25/05/21 11:00:00,A,I_BFURN,IND_TOTAL,PC_IND_BLT12,PT,2010,17,
ESTAT:ISOC_EC_IBUY(1.0),25/05/21 11:00:00,A,I_BFURN,IND_TOTAL,PC_IND_BLT12,PT,2011,16,
ESTAT:ISOC_EC_IBUY(1.0),25/05/21 11:00:00,A,I_BFURN,IND_TOTAL,PC_IND_BLT12,PT,2012,22,
ESTAT:ISOC_EC_IBUY(1.0),25/05/21 11:00:00,A,I_BFURN,IND_TOTAL,PC_IND_BLT12,PT,2013,22,
ESTAT:ISOC_EC_IBUY(1.0),25/05/21 11:00:00,A,I_BFURN,IND_TOTAL,PC_IND_BLT12,PT,2014,21,
ESTAT:ISOC_EC_IBUY(1.0),25/05/21 11:00:00,A,I_BFURN,IND_TOTAL,PC_IND_BLT12,PT,2015,24,
ESTAT:ISOC_EC_IBUY(1.0),25/05/21 11:00:00,A,I_BFURN,IND_TOTAL,PC_IND_BLT12,PT,2016,27,
ESTAT:ISOC_EC_IBUY(1.0),25/05/21 11:00:00,A,I_BFURN,IND_TOTAL,PC_IND_BLT12,PT,2017,28,
ESTAT:ISOC_EC_IBUY(1.0),25/05/21 11:00:00,A,I_BFURN,IND_TOTAL,PC_IND_BLT12,PT,2018,36,
ESTAT:ISOC_EC_IBUY(1.0),25/05/21 11:00:00,A,I_BFURN,IND_TOTAL,PC_IND_BLT12,PT,2019,36,
ESTAT:ISOC_EC_IBUY(1.0),25/05/21 11:00:00,A,I_BFURN,IND_TOTAL,PC_IND_BLT12,RO,2006,6,
ESTAT:ISOC_EC_IBUY(1.0),25/05/21 11:00:00,A,I_BFURN,IND_TOTAL,PC_IND_BLT12,RO,2007,13,
ESTAT:ISOC_EC_IBUY(1.0),25/05/21 11:00:00,A,I_BFURN,IND_TOTAL,PC_IND_BLT12,RO,2008,9,
ESTAT:ISOC_EC_IBUY(1.0),25/05/21 11:00:00,A,I_BFURN,IND_TOTAL,PC_IND_BLT12,RO,2009,9,
ESTAT:ISOC_EC_IBUY(1.0),25/05/21 11:00:00,A,I_BFURN,IND_TOTAL,PC_IND_BLT12,RO,2010,12,
ESTAT:ISOC_EC_IBUY(1.0),25/05/21 11:00:00,A,I_BFURN,IND_TOTAL,PC_IND_BLT12,RO,2011,13,
ESTAT:ISOC_EC_IBUY(1.0),25/05/21 11:00:00,A,I_BFURN,IND_TOTAL,PC_IND_BLT12,RO,2012,12,
ESTAT:ISOC_EC_IBUY(1.0),25/05/21 11:00:00,A,I_BFURN,IND_TOTAL,PC_IND_BLT12,RO,2013,19,
ESTAT:ISOC_EC_IBUY(1.0),25/05/21 11:00:00,A,I_BFURN,IND_TOTAL,PC_IND_BLT12,RO,2014,16,b
ESTAT:ISOC_EC_IBUY(1.0),25/05/21 11:00:00,A,I_BFURN,IND_TOTAL,PC_IND_BLT12,RO,2015,15,
ESTAT:ISOC_EC_IBUY(1.0),25/05/21 11:00:00,A,I_BFURN,IND_TOTAL,PC_IND_BLT12,RO,2016,13,
ESTAT:ISOC_EC_IBUY(1.0),25/05/21 11:00:00,A,I_BFURN,IND_TOTAL,PC_IND_BLT12,RO,2017,23,
ESTAT:ISOC_EC_IBUY(1.0),25/05/21 11:00:00,A,I_BFURN,IND_TOTAL,PC_IND_BLT12,RO,2018,23,
ESTAT:ISOC_EC_IBUY(1.0),25/05/21 11:00:00,A,I_BFURN,IND_TOTAL,PC_IND_BLT12,RO,2019,23,
ESTAT:ISOC_EC_IBUY(1.0),25/05/21 11:00:00,A,I_BFURN,IND_TOTAL,PC_IND_BLT12,RS,2007,20,
ESTAT:ISOC_EC_IBUY(1.0),25/05/21 11:00:00,A,I_BFURN,IND_TOTAL,PC_IND_BLT12,RS,2009,13,
ESTAT:ISOC_EC_IBUY(1.0),25/05/21 11:00:00,A,I_BFURN,IND_TOTAL,PC_IND_BLT12,RS,2015,15,
ESTAT:ISOC_EC_IBUY(1.0),25/05/21 11:00:00,A,I_BFURN,IND_TOTAL,PC_IND_BLT12,RS,2017,22,
ESTAT:ISOC_EC_IBUY(1.0),25/05/21 11:00:00,A,I_BFURN,IND_TOTAL,PC_IND_BLT12,RS,2018,23,
ESTAT:ISOC_EC_IBUY(1.0),25/05/21 11:00:00,A,I_BFURN,IND_TOTAL,PC_IND_BLT12,RS,2019,38,
ESTAT:ISOC_EC_IBUY(1.0),25/05/21 11:00:00,A,I_BFURN,IND_TOTAL,PC_IND_BLT12,SE,2005,6,
ESTAT:ISOC_EC_IBUY(1.0),25/05/21 11:00:00,A,I_BFURN,IND_TOTAL,PC_IND_BLT12,SE,2006,9,
ESTAT:ISOC_EC_IBUY(1.0),25/05/21 11:00:00,A,I_BFURN,IND_TOTAL,PC_IND_BLT12,SE,2007,15,
ESTAT:ISOC_EC_IBUY(1.0),25/05/21 11:00:00,A,I_BFURN,IND_TOTAL,PC_IND_BLT12,SE,2008,14,
ESTAT:ISOC_EC_IBUY(1.0),25/05/21 11:00:00,A,I_BFURN,IND_TOTAL,PC_IND_BLT12,SE,2009,15,
ESTAT:ISOC_EC_IBUY(1.0),25/05/21 11:00:00,A,I_BFURN,IND_TOTAL,PC_IND_BLT12,SE,2010,18,
ESTAT:ISOC_EC_IBUY(1.0),25/05/21 11:00:00,A,I_BFURN,IND_TOTAL,PC_IND_BLT12,SE,2011,20,
ESTAT:ISOC_EC_IBUY(1.0),25/05/21 11:00:00,A,I_BFURN,IND_TOTAL,PC_IND_BLT12,SE,2012,24,
ESTAT:ISOC_EC_IBUY(1.0),25/05/21 11:00:00,A,I_BFURN,IND_TOTAL,PC_IND_BLT12,SE,2013,28,
ESTAT:ISOC_EC_IBUY(1.0),25/05/21 11:00:00,A,I_BFURN,IND_TOTAL,PC_IND_BLT12,SE,2014,30,
ESTAT:ISOC_EC_IBUY(1.0),25/05/21 11:00:00,A,I_BFURN,IND_TOTAL,PC_IND_BLT12,SE,2015,35,
ESTAT:ISOC_EC_IBUY(1.0),25/05/21 11:00:00,A,I_BFURN,IND_TOTAL,PC_IND_BLT12,SE,2016,30,b
ESTAT:ISOC_EC_IBUY(1.0),25/05/21 11:00:00,A,I_BFURN,IND_TOTAL,PC_IND_BLT12,SE,2017,36,
ESTAT:ISOC_EC_IBUY(1.0),25/05/21 11:00:00,A,I_BFURN,IND_TOTAL,PC_IND_BLT12,SE,2018,42,
ESTAT:ISOC_EC_IBUY(1.0),25/05/21 11:00:00,A,I_BFURN,IND_TOTAL,PC_IND_BLT12,SE,2019,38,
ESTAT:ISOC_EC_IBUY(1.0),25/05/21 11:00:00,A,I_BFURN,IND_TOTAL,PC_IND_BLT12,SI,2005,,u
ESTAT:ISOC_EC_IBUY(1.0),25/05/21 11:00:00,A,I_BFURN,IND_TOTAL,PC_IND_BLT12,SI,2006,25,
ESTAT:ISOC_EC_IBUY(1.0),25/05/21 11:00:00,A,I_BFURN,IND_TOTAL,PC_IND_BLT12,SI,2007,29,
ESTAT:ISOC_EC_IBUY(1.0),25/05/21 11:00:00,A,I_BFURN,IND_TOTAL,PC_IND_BLT12,SI,2008,28,
ESTAT:ISOC_EC_IBUY(1.0),25/05/21 11:00:00,A,I_BFURN,IND_TOTAL,PC_IND_BLT12,SI,2009,36,
ESTAT:ISOC_EC_IBUY(1.0),25/05/21 11:00:00,A,I_BFURN,IND_TOTAL,PC_IND_BLT12,SI,2010,36,
ESTAT:ISOC_EC_IBUY(1.0),25/05/21 11:00:00,A,I_BFURN,IND_TOTAL,PC_IND_BLT12,SI,2011,31,
ESTAT:ISOC_EC_IBUY(1.0),25/05/21 11:00:00,A,I_BFURN,IND_TOTAL,PC_IND_BLT12,SI,2012,33,
ESTAT:ISOC_EC_IBUY(1.0),25/05/21 11:00:00,A,I_BFURN,IND_TOTAL,PC_IND_BLT12,SI,2013,35,
ESTAT:ISOC_EC_IBUY(1.0),25/05/21 11:00:00,A,I_BFURN,IND_TOTAL,PC_IND_BLT12,SI,2014,37,
ESTAT:ISOC_EC_IBUY(1.0),25/05/21 11:00:00,A,I_BFURN,IND_TOTAL,PC_IND_BLT12,SI,2015,28,
ESTAT:ISOC_EC_IBUY(1.0),25/05/21 11:00:00,A,I_BFURN,IND_TOTAL,PC_IND_BLT12,SI,2016,38,
ESTAT:ISOC_EC_IBUY(1.0),25/05/21 11:00:00,A,I_BFURN,IND_TOTAL,PC_IND_BLT12,SI,2017,38,
ESTAT:ISOC_EC_IBUY(1.0),25/05/21 11:00:00,A,I_BFURN,IND_TOTAL,PC_IND_BLT12,SI,2018,35,
ESTAT:ISOC_EC_IBUY(1.0),25/05/21 11:00:00,A,I_BFURN,IND_TOTAL,PC_IND_BLT12,SI,2019,37,
ESTAT:ISOC_EC_IBUY(1.0),25/05/21 11:00:00,A,I_BFURN,IND_TOTAL,PC_IND_BLT12,SK,2005,17,
ESTAT:ISOC_EC_IBUY(1.0),25/05/21 11:00:00,A,I_BFURN,IND_TOTAL,PC_IND_BLT12,SK,2006,24,
ESTAT:ISOC_EC_IBUY(1.0),25/05/21 11:00:00,A,I_BFURN,IND_TOTAL,PC_IND_BLT12,SK,2007,18,
ESTAT:ISOC_EC_IBUY(1.0),25/05/21 11:00:00,A,I_BFURN,IND_TOTAL,PC_IND_BLT12,SK,2008,22,
ESTAT:ISOC_EC_IBUY(1.0),25/05/21 11:00:00,A,I_BFURN,IND_TOTAL,PC_IND_BLT12,SK,2009,28,
ESTAT:ISOC_EC_IBUY(1.0),25/05/21 11:00:00,A,I_BFURN,IND_TOTAL,PC_IND_BLT12,SK,2010,32,
ESTAT:ISOC_EC_IBUY(1.0),25/05/21 11:00:00,A,I_BFURN,IND_TOTAL,PC_IND_BLT12,SK,2011,33,
ESTAT:ISOC_EC_IBUY(1.0),25/05/21 11:00:00,A,I_BFURN,IND_TOTAL,PC_IND_BLT12,SK,2012,35,
ESTAT:ISOC_EC_IBUY(1.0),25/05/21 11:00:00,A,I_BFURN,IND_TOTAL,PC_IND_BLT12,SK,2013,44,
ESTAT:ISOC_EC_IBUY(1.0),25/05/21 11:00:00,A,I_BFURN,IND_TOTAL,PC_IND_BLT12,SK,2014,40,
ESTAT:ISOC_EC_IBUY(1.0),25/05/21 11:00:00,A,I_BFURN,IND_TOTAL,PC_IND_BLT12,SK,2015,40,
ESTAT:ISOC_EC_IBUY(1.0),25/05/21 11:00:00,A,I_BFURN,IND_TOTAL,PC_IND_BLT12,SK,2016,44,
ESTAT:ISOC_EC_IBUY(1.0),25/05/21 11:00:00,A,I_BFURN,IND_TOTAL,PC_IND_BLT12,SK,2017,43,
ESTAT:ISOC_EC_IBUY(1.0),25/05/21 11:00:00,A,I_BFURN,IND_TOTAL,PC_IND_BLT12,SK,2018,34,
ESTAT:ISOC_EC_IBUY(1.0),25/05/21 11:00:00,A,I_BFURN,IND_TOTAL,PC_IND_BLT12,SK,2019,40,
ESTAT:ISOC_EC_IBUY(1.0),25/05/21 11:00:00,A,I_BFURN,IND_TOTAL,PC_IND_BLT12,TR,2005,11,
ESTAT:ISOC_EC_IBUY(1.0),25/05/21 11:00:00,A,I_BFURN,IND_TOTAL,PC_IND_BLT12,TR,2007,20,
ESTAT:ISOC_EC_IBUY(1.0),25/05/21 11:00:00,A,I_BFURN,IND_TOTAL,PC_IND_BLT12,TR,2008,26,
ESTAT:ISOC_EC_IBUY(1.0),25/05/21 11:00:00,A,I_BFURN,IND_TOTAL,PC_IND_BLT12,TR,2009,18,
ESTAT:ISOC_EC_IBUY(1.0),25/05/21 11:00:00,A,I_BFURN,IND_TOTAL,PC_IND_BLT12,TR,2010,19,
ESTAT:ISOC_EC_IBUY(1.0),25/05/21 11:00:00,A,I_BFURN,IND_TOTAL,PC_IND_BLT12,TR,2012,21,
ESTAT:ISOC_EC_IBUY(1.0),25/05/21 11:00:00,A,I_BFURN,IND_TOTAL,PC_IND_BLT12,TR,2013,26,
ESTAT:ISOC_EC_IBUY(1.0),25/05/21 11:00:00,A,I_BFURN,IND_TOTAL,PC_IND_BLT12,TR,2014,27,
ESTAT:ISOC_EC_IBUY(1.0),25/05/21 11:00:00,A,I_BFURN,IND_TOTAL,PC_IND_BLT12,TR,2015,26,
ESTAT:ISOC_EC_IBUY(1.0),25/05/21 11:00:00,A,I_BFURN,IND_TOTAL,PC_IND_BLT12,TR,2016,26,
ESTAT:ISOC_EC_IBUY(1.0),25/05/21 11:00:00,A,I_BFURN,IND_TOTAL,PC_IND_BLT12,TR,2017,25,
ESTAT:ISOC_EC_IBUY(1.0),25/05/21 11:00:00,A,I_BFURN,IND_TOTAL,PC_IND_BLT12,TR,2018,27,
ESTAT:ISOC_EC_IBUY(1.0),25/05/21 11:00:00,A,I_BFURN,IND_TOTAL,PC_IND_BLT12,TR,2019,27,
ESTAT:ISOC_EC_IBUY(1.0),25/05/21 11:00:00,A,I_BFURN,IND_TOTAL,PC_IND_BLT12,UK,2005,25,
ESTAT:ISOC_EC_IBUY(1.0),25/05/21 11:00:00,A,I_BFURN,IND_TOTAL,PC_IND_BLT12,UK,2006,24,
ESTAT:ISOC_EC_IBUY(1.0),25/05/21 11:00:00,A,I_BFURN,IND_TOTAL,PC_IND_BLT12,UK,2007,39,
ESTAT:ISOC_EC_IBUY(1.0),25/05/21 11:00:00,A,I_BFURN,IND_TOTAL,PC_IND_BLT12,UK,2008,40,
ESTAT:ISOC_EC_IBUY(1.0),25/05/21 11:00:00,A,I_BFURN,IND_TOTAL,PC_IND_BLT12,UK,2009,47,
ESTAT:ISOC_EC_IBUY(1.0),25/05/21 11:00:00,A,I_BFURN,IND_TOTAL,PC_IND_BLT12,UK,2010,43,
ESTAT:ISOC_EC_IBUY(1.0),25/05/21 11:00:00,A,I_BFURN,IND_TOTAL,PC_IND_BLT12,UK,2011,47,
ESTAT:ISOC_EC_IBUY(1.0),25/05/21 11:00:00,A,I_BFURN,IND_TOTAL,PC_IND_BLT12,UK,2012,55,
ESTAT:ISOC_EC_IBUY(1.0),25/05/21 11:00:00,A,I_BFURN,IND_TOTAL,PC_IND_BLT12,UK,2013,60,
ESTAT:ISOC_EC_IBUY(1.0),25/05/21 11:00:00,A,I_BFURN,IND_TOTAL,PC_IND_BLT12,UK,2014,57,
ESTAT:ISOC_EC_IBUY(1.0),25/05/21 11:00:00,A,I_BFURN,IND_TOTAL,PC_IND_BLT12,UK,2015,61,
ESTAT:ISOC_EC_IBUY(1.0),25/05/21 11:00:00,A,I_BFURN,IND_TOTAL,PC_IND_BLT12,UK,2016,64,
ESTAT:ISOC_EC_IBUY(1.0),25/05/21 11:00:00,A,I_BFURN,IND_TOTAL,PC_IND_BLT12,UK,2017,65,
ESTAT:ISOC_EC_IBUY(1.0),25/05/21 11:00:00,A,I_BFURN,IND_TOTAL,PC_IND_BLT12,UK,2018,62,
ESTAT:ISOC_EC_IBUY(1.0),25/05/21 11:00:00,A,I_BFURN,IND_TOTAL,PC_IND_BLT12,UK,2019,60,
